id,id_padre,id_alumno,parentesco
1,1,999,Padre
2,2,2653,Padre
3,3,3938,Madre
4,4,260,Padre
5,4,3487,Padre
6,4,929,Padre
7,5,284,Madre
8,6,3374,Padre
9,7,179,Madre
10,8,18,Madre
11,9,3019,Padre
12,10,1191,Madre
13,11,75,Madre
14,12,830,Padre
15,13,1164,Madre
16,14,745,Padre
17,15,1385,Padre
18,15,3858,Padre
19,16,602,Madre
20,17,622,Padre
21,18,3678,Padre
22,19,353,Madre
23,20,1937,Padre
24,20,1632,Padre
25,21,1944,Madre
26,22,2776,Madre
27,22,3338,Madre
28,23,2438,Madre
29,24,3202,Padre
30,25,3516,Padre
31,26,1688,Padre
32,26,1511,Padre
33,27,3948,Padre
34,28,1035,Madre
35,29,123,Madre
36,30,1079,Padre
37,31,1339,Padre
38,31,3034,Padre
39,32,3800,Padre
40,33,61,Madre
41,34,1808,Madre
42,35,3063,Padre
43,36,3797,Madre
44,36,1619,Madre
45,37,584,Padre
46,38,3470,Padre
47,39,53,Madre
48,40,3172,Madre
49,40,1605,Madre
50,41,2852,Madre
51,41,2465,Madre
52,42,2667,Madre
53,42,3124,Madre
54,43,253,Padre
55,44,1834,Padre
56,45,3014,Padre
57,45,2381,Padre
58,46,2973,Padre
59,46,1414,Padre
60,47,254,Padre
61,48,549,Padre
62,48,2939,Padre
63,49,3851,Padre
64,50,359,Padre
65,51,2246,Madre
66,52,1850,Padre
67,52,1026,Padre
68,53,3839,Padre
69,54,3726,Madre
70,55,1913,Madre
71,56,2808,Padre
72,57,2460,Padre
73,57,195,Padre
74,57,1077,Padre
75,58,3668,Padre
76,59,2279,Padre
77,60,2500,Madre
78,61,1444,Madre
79,62,447,Padre
80,63,1078,Madre
81,64,99,Padre
82,64,97,Padre
83,64,2807,Padre
84,65,2919,Padre
85,66,2902,Padre
86,67,164,Padre
87,68,824,Padre
88,68,1531,Padre
89,69,1210,Padre
90,70,3622,Padre
91,70,3866,Padre
92,71,3729,Padre
93,71,27,Padre
94,72,1284,Padre
95,72,456,Padre
96,72,152,Padre
97,73,459,Madre
98,73,3061,Madre
99,74,1838,Madre
100,75,4002,Madre
101,76,1125,Padre
102,77,1608,Padre
103,78,3758,Madre
104,79,3475,Padre
105,80,2361,Padre
106,81,3619,Padre
107,82,518,Padre
108,83,1350,Madre
109,84,2189,Madre
110,85,197,Madre
111,86,2835,Padre
112,86,4014,Padre
113,87,3238,Padre
114,88,3789,Padre
115,89,1779,Madre
116,90,3308,Padre
117,91,1098,Padre
118,92,2525,Madre
119,93,3060,Madre
120,94,1283,Padre
121,95,1358,Padre
122,96,1151,Madre
123,97,2017,Madre
124,97,3290,Madre
125,98,3688,Madre
126,99,3964,Padre
127,100,2880,Padre
128,101,1450,Madre
129,101,598,Madre
130,102,2288,Madre
131,103,271,Padre
132,104,3414,Madre
133,105,1539,Madre
134,106,3811,Madre
135,107,1858,Padre
136,108,1207,Padre
137,109,2946,Madre
138,109,3348,Madre
139,109,2865,Madre
140,110,2447,Padre
141,111,2152,Padre
142,112,3370,Padre
143,112,461,Padre
144,113,1661,Padre
145,113,148,Padre
146,114,2757,Padre
147,115,2298,Madre
148,116,3736,Madre
149,117,775,Padre
150,117,730,Padre
151,118,1911,Padre
152,119,2439,Padre
153,120,732,Padre
154,121,1930,Madre
155,122,40,Padre
156,123,2468,Madre
157,123,231,Madre
158,124,4022,Padre
159,125,2172,Padre
160,126,165,Padre
161,127,2631,Padre
162,127,3951,Padre
163,127,1717,Padre
164,128,2971,Madre
165,129,2624,Padre
166,130,2355,Madre
167,131,2042,Padre
168,131,1432,Padre
169,132,779,Padre
170,133,1451,Madre
171,134,1435,Madre
172,135,2008,Madre
173,136,2085,Madre
174,137,1895,Padre
175,138,3556,Madre
176,139,2315,Madre
177,140,1122,Padre
178,141,2119,Madre
179,142,3465,Padre
180,143,555,Padre
181,143,1071,Padre
182,144,200,Padre
183,145,1747,Padre
184,146,480,Padre
185,147,1586,Padre
186,148,1003,Padre
187,148,2904,Padre
188,149,2377,Padre
189,150,3476,Padre
190,151,1639,Madre
191,152,3558,Padre
192,153,1344,Padre
193,154,3205,Padre
194,155,3603,Madre
195,156,2789,Madre
196,157,2000,Padre
197,158,599,Padre
198,158,3773,Padre
199,159,1613,Madre
200,160,3706,Padre
201,160,2663,Padre
202,161,439,Madre
203,162,3739,Padre
204,162,1359,Padre
205,163,238,Padre
206,164,3536,Padre
207,164,1706,Padre
208,165,140,Padre
209,166,204,Padre
210,167,3737,Madre
211,168,3573,Madre
212,168,3360,Madre
213,169,2075,Madre
214,170,3755,Padre
215,171,1962,Madre
216,172,1000,Madre
217,172,4003,Madre
218,173,3184,Madre
219,174,1521,Padre
220,175,342,Padre
221,176,1627,Madre
222,177,243,Madre
223,178,4094,Madre
224,179,1242,Madre
225,180,3784,Padre
226,181,411,Madre
227,181,1805,Madre
228,182,774,Padre
229,183,1356,Padre
230,183,2236,Padre
231,184,3510,Madre
232,184,2619,Madre
233,185,642,Padre
234,186,307,Padre
235,186,1069,Padre
236,187,3977,Madre
237,188,3983,Madre
238,189,1468,Padre
239,190,343,Madre
240,191,3954,Padre
241,192,3708,Madre
242,193,2154,Padre
243,194,2617,Padre
244,195,644,Padre
245,196,1583,Padre
246,197,3625,Padre
247,198,2505,Madre
248,199,1744,Madre
249,199,1859,Madre
250,200,2260,Padre
251,201,3079,Padre
252,202,1629,Madre
253,203,3845,Madre
254,204,4071,Madre
255,204,3139,Madre
256,205,4052,Madre
257,205,2529,Madre
258,206,1946,Padre
259,206,1514,Padre
260,207,1238,Madre
261,208,836,Padre
262,208,3171,Padre
263,209,2938,Madre
264,210,3535,Madre
265,211,3208,Madre
266,212,3113,Madre
267,213,1178,Madre
268,214,1316,Madre
269,214,1700,Madre
270,215,4032,Padre
271,215,3776,Padre
272,216,251,Madre
273,217,1737,Madre
274,217,919,Madre
275,218,1449,Padre
276,219,896,Madre
277,220,3245,Padre
278,221,2147,Madre
279,221,3721,Madre
280,221,595,Madre
281,222,1612,Padre
282,223,3656,Padre
283,223,3572,Padre
284,224,763,Madre
285,225,194,Padre
286,226,2875,Madre
287,227,1040,Madre
288,228,1239,Padre
289,228,3384,Padre
290,228,3716,Padre
291,229,1481,Padre
292,229,19,Padre
293,230,1803,Madre
294,231,1208,Padre
295,231,1498,Padre
296,232,957,Padre
297,232,2328,Padre
298,233,52,Padre
299,234,2076,Madre
300,235,1776,Madre
301,236,397,Padre
302,237,2887,Madre
303,238,2211,Padre
304,239,3151,Padre
305,239,2830,Padre
306,240,2332,Padre
307,240,1459,Padre
308,240,2180,Padre
309,241,1092,Padre
310,242,466,Madre
311,243,3265,Madre
312,244,4041,Padre
313,245,3493,Madre
314,245,710,Madre
315,246,1938,Madre
316,247,1335,Madre
317,247,3189,Madre
318,248,2792,Padre
319,249,442,Padre
320,250,1669,Madre
321,251,728,Madre
322,252,23,Madre
323,252,3443,Madre
324,253,2337,Padre
325,254,2588,Padre
326,255,3035,Padre
327,256,2947,Madre
328,257,1327,Padre
329,258,747,Madre
330,259,2773,Padre
331,260,3385,Padre
332,261,2713,Padre
333,262,1876,Padre
334,263,1795,Padre
335,264,2454,Madre
336,264,1336,Madre
337,265,2314,Padre
338,266,1854,Madre
339,267,57,Padre
340,268,3876,Padre
341,269,2545,Padre
342,270,2199,Madre
343,270,4081,Madre
344,271,3273,Madre
345,272,3198,Madre
346,272,2282,Madre
347,273,2007,Padre
348,273,861,Padre
349,274,2350,Madre
350,275,184,Madre
351,276,2839,Madre
352,277,848,Padre
353,278,2579,Padre
354,278,2200,Padre
355,279,3244,Madre
356,279,3617,Madre
357,280,3162,Madre
358,280,3754,Madre
359,281,3410,Padre
360,282,2751,Madre
361,282,1754,Madre
362,283,1014,Madre
363,283,3690,Madre
364,284,2869,Madre
365,285,2334,Padre
366,286,2070,Padre
367,287,3441,Madre
368,288,3532,Padre
369,289,1978,Padre
370,289,2176,Padre
371,290,2702,Madre
372,291,1423,Madre
373,291,2011,Madre
374,292,660,Madre
375,293,1957,Padre
376,294,1181,Madre
377,294,3013,Madre
378,295,1519,Padre
379,296,1282,Padre
380,296,2951,Padre
381,296,1696,Padre
382,297,1126,Madre
383,298,1189,Padre
384,299,1963,Madre
385,299,594,Madre
386,300,3878,Padre
387,301,1012,Madre
388,302,2905,Padre
389,303,2415,Madre
390,303,2153,Madre
391,304,3072,Madre
392,305,808,Madre
393,306,2304,Madre
394,307,1578,Madre
395,308,287,Madre
396,308,242,Madre
397,309,3481,Madre
398,310,1506,Madre
399,311,3105,Madre
400,311,1824,Madre
401,312,1867,Padre
402,313,564,Padre
403,313,1136,Padre
404,314,4053,Madre
405,315,2418,Madre
406,316,1864,Madre
407,316,538,Madre
408,317,1046,Madre
409,317,3753,Madre
410,318,1188,Padre
411,319,1757,Padre
412,320,348,Madre
413,321,2349,Madre
414,322,2502,Padre
415,323,2709,Madre
416,324,1546,Padre
417,325,2914,Madre
418,326,29,Padre
419,326,1076,Padre
420,326,3723,Padre
421,327,568,Madre
422,327,1036,Madre
423,328,1851,Padre
424,328,486,Padre
425,329,509,Padre
426,330,150,Padre
427,331,139,Padre
428,332,2521,Madre
429,333,914,Padre
430,334,504,Madre
431,335,3274,Madre
432,336,3025,Padre
433,337,416,Padre
434,337,328,Padre
435,338,869,Madre
436,339,433,Padre
437,340,1437,Padre
438,340,1305,Padre
439,340,3909,Padre
440,341,2232,Padre
441,342,866,Padre
442,343,3301,Padre
443,344,367,Padre
444,345,2549,Padre
445,346,1689,Madre
446,347,3090,Padre
447,348,3541,Padre
448,349,3675,Madre
449,350,2054,Madre
450,351,2299,Madre
451,352,392,Padre
452,352,84,Padre
453,353,4102,Padre
454,354,2256,Madre
455,355,2959,Padre
456,355,3962,Padre
457,356,2850,Padre
458,357,206,Madre
459,358,2844,Madre
460,359,2267,Padre
461,360,1647,Madre
462,361,1458,Padre
463,361,3660,Padre
464,362,215,Padre
465,363,2025,Padre
466,364,2620,Madre
467,364,2330,Madre
468,365,2027,Madre
469,366,3993,Padre
470,366,2694,Padre
471,366,87,Padre
472,367,3958,Padre
473,368,514,Madre
474,368,4106,Madre
475,369,3942,Madre
476,370,2855,Madre
477,370,4048,Madre
478,371,3253,Padre
479,372,3702,Madre
480,373,3563,Padre
481,373,3302,Padre
482,374,3415,Padre
483,375,1733,Padre
484,376,1087,Padre
485,377,2801,Madre
486,378,3806,Madre
487,378,3526,Madre
488,379,2303,Madre
489,379,3924,Madre
490,379,168,Madre
491,380,2098,Madre
492,380,4043,Madre
493,380,2945,Madre
494,381,1452,Madre
495,382,1426,Madre
496,383,3518,Madre
497,383,3006,Madre
498,384,1885,Padre
499,385,2578,Padre
500,386,2731,Madre
501,387,2150,Madre
502,388,3824,Madre
503,389,2194,Padre
504,389,540,Padre
505,390,3871,Madre
506,391,2110,Madre
507,392,2561,Padre
508,393,720,Madre
509,394,1255,Padre
510,394,1357,Padre
511,395,3952,Padre
512,396,3987,Madre
513,396,3361,Madre
514,397,2506,Padre
515,398,2131,Madre
516,399,2843,Madre
517,400,638,Madre
518,400,1791,Madre
519,401,4004,Madre
520,402,1343,Padre
521,403,1163,Madre
522,404,1470,Madre
523,404,2395,Madre
524,405,2348,Madre
525,406,365,Padre
526,406,1999,Padre
527,407,1274,Madre
528,408,624,Padre
529,409,2678,Madre
530,409,2426,Madre
531,409,2155,Madre
532,410,3614,Padre
533,410,1263,Padre
534,411,3321,Padre
535,412,2436,Padre
536,413,2040,Padre
537,414,1800,Padre
538,415,2120,Madre
539,415,3566,Madre
540,416,2048,Padre
541,417,451,Madre
542,417,1066,Madre
543,418,665,Padre
544,418,1656,Padre
545,419,399,Madre
546,420,12,Madre
547,421,1739,Padre
548,422,827,Madre
549,423,712,Madre
550,423,1722,Madre
551,424,819,Madre
552,425,1427,Madre
553,426,547,Madre
554,427,2457,Padre
555,428,309,Padre
556,429,3438,Madre
557,429,2478,Madre
558,430,717,Madre
559,431,1512,Padre
560,432,3445,Madre
561,433,1202,Padre
562,434,871,Padre
563,434,1028,Padre
564,435,1213,Padre
565,436,895,Madre
566,437,1875,Madre
567,437,3694,Madre
568,438,2841,Padre
569,439,2853,Madre
570,440,2421,Padre
571,441,727,Padre
572,442,1778,Madre
573,443,4005,Padre
574,444,3298,Padre
575,444,1051,Padre
576,445,2675,Madre
577,446,2917,Madre
578,447,2920,Madre
579,448,985,Padre
580,449,2367,Madre
581,450,2999,Padre
582,451,2357,Padre
583,452,1832,Madre
584,452,7,Madre
585,452,3818,Madre
586,453,2249,Madre
587,454,2949,Madre
588,455,1341,Padre
589,455,1172,Padre
590,456,3011,Madre
591,457,1270,Padre
592,458,2625,Madre
593,459,3577,Padre
594,460,3768,Madre
595,461,1699,Madre
596,462,2665,Padre
597,462,1042,Padre
598,463,3511,Padre
599,464,2960,Padre
600,465,2167,Madre
601,465,255,Madre
602,466,933,Padre
603,467,2160,Padre
604,468,2657,Madre
605,469,3082,Madre
606,469,609,Madre
607,469,496,Madre
608,470,716,Padre
609,471,2651,Padre
610,472,2092,Madre
611,473,3024,Padre
612,474,1310,Padre
613,474,356,Padre
614,475,167,Madre
615,476,579,Padre
616,477,2074,Madre
617,477,3342,Madre
618,478,850,Madre
619,479,2034,Padre
620,480,3012,Madre
621,481,181,Madre
622,482,1328,Madre
623,482,3902,Madre
624,483,2292,Padre
625,484,571,Madre
626,485,2729,Padre
627,486,2523,Madre
628,487,4085,Madre
629,488,3976,Madre
630,489,1693,Padre
631,490,2487,Padre
632,491,505,Padre
633,491,3444,Padre
634,492,1731,Madre
635,492,2435,Madre
636,493,2094,Madre
637,494,1086,Padre
638,495,2682,Madre
639,496,76,Padre
640,497,1740,Padre
641,497,3531,Padre
642,498,3288,Padre
643,498,539,Padre
644,498,3968,Padre
645,499,464,Madre
646,500,1155,Madre
647,501,2425,Madre
648,502,3110,Padre
649,502,757,Padre
650,503,3032,Padre
651,504,3665,Padre
652,505,2132,Madre
653,506,3278,Padre
654,506,269,Padre
655,507,1855,Padre
656,508,100,Madre
657,509,2083,Madre
658,510,1017,Madre
659,511,3331,Padre
660,512,2560,Madre
661,513,589,Padre
662,514,3488,Madre
663,514,2531,Madre
664,515,1319,Madre
665,515,4097,Madre
666,516,937,Padre
667,517,2953,Madre
668,517,3959,Madre
669,518,3500,Padre
670,519,1056,Padre
671,520,639,Madre
672,520,1759,Madre
673,521,585,Madre
674,522,661,Padre
675,523,3998,Padre
676,524,1980,Padre
677,525,3713,Padre
678,526,2283,Madre
679,527,460,Padre
680,528,423,Padre
681,529,3989,Madre
682,530,2749,Madre
683,531,2064,Padre
684,532,1110,Madre
685,533,1300,Padre
686,533,2482,Padre
687,533,1956,Padre
688,534,2803,Madre
689,534,1537,Madre
690,535,2941,Padre
691,535,1127,Padre
692,536,3674,Padre
693,537,3091,Madre
694,538,3300,Padre
695,539,3339,Padre
696,540,2547,Padre
697,541,2295,Padre
698,542,3092,Padre
699,542,2685,Padre
700,543,1231,Padre
701,544,1015,Madre
702,544,3369,Madre
703,545,4000,Padre
704,546,2937,Madre
705,546,3781,Madre
706,547,2582,Padre
707,547,257,Padre
708,548,3495,Madre
709,549,3646,Padre
710,550,2921,Padre
711,551,2739,Madre
712,551,2664,Madre
713,552,2671,Padre
714,553,1128,Padre
715,554,3523,Madre
716,554,3943,Madre
717,555,1367,Padre
718,556,911,Padre
719,556,652,Padre
720,556,448,Padre
721,557,2475,Padre
722,558,1368,Padre
723,559,1799,Padre
724,560,2177,Madre
725,561,1621,Padre
726,562,3529,Padre
727,563,3757,Padre
728,564,3088,Padre
729,565,1027,Padre
730,566,899,Padre
731,566,4024,Padre
732,567,3249,Padre
733,568,3329,Padre
734,569,3222,Padre
735,570,3847,Madre
736,570,3802,Madre
737,571,134,Madre
738,572,2708,Padre
739,573,368,Padre
740,574,1550,Madre
741,574,1968,Madre
742,575,714,Padre
743,576,2326,Padre
744,577,3127,Padre
745,577,2273,Padre
746,578,1149,Padre
747,578,4105,Padre
748,579,1138,Padre
749,579,3648,Padre
750,580,3960,Madre
751,580,3950,Madre
752,580,1192,Madre
753,581,491,Madre
754,582,1216,Padre
755,583,1667,Madre
756,584,1954,Madre
757,585,3805,Madre
758,586,3869,Madre
759,587,751,Madre
760,588,41,Madre
761,588,2781,Madre
762,589,649,Madre
763,590,374,Madre
764,591,3732,Madre
765,591,1048,Madre
766,592,2722,Padre
767,593,912,Madre
768,593,2882,Madre
769,594,634,Padre
770,595,3333,Padre
771,596,3077,Madre
772,597,3118,Padre
773,598,478,Madre
774,599,3709,Madre
775,600,1545,Madre
776,601,2593,Madre
777,602,2322,Madre
778,603,1090,Padre
779,604,1295,Madre
780,605,2895,Padre
781,605,2968,Padre
782,606,1845,Padre
783,606,2067,Padre
784,606,1130,Padre
785,607,1674,Padre
786,608,3880,Padre
787,609,3534,Madre
788,610,932,Padre
789,611,2405,Madre
790,612,2015,Padre
791,613,3083,Madre
792,614,58,Madre
793,614,2379,Madre
794,615,1400,Padre
795,616,2975,Madre
796,617,2218,Madre
797,618,910,Madre
798,619,2037,Madre
799,620,2359,Padre
800,621,2394,Padre
801,622,3317,Padre
802,623,1878,Madre
803,624,2693,Madre
804,625,3349,Madre
805,626,230,Padre
806,627,2816,Madre
807,628,1363,Madre
808,629,698,Madre
809,630,4054,Padre
810,631,3881,Madre
811,632,3953,Madre
812,633,3330,Padre
813,634,2031,Madre
814,635,419,Padre
815,636,590,Padre
816,637,3533,Madre
817,637,1067,Madre
818,638,4013,Madre
819,639,11,Madre
820,640,1927,Padre
821,641,2307,Madre
822,642,2145,Madre
823,642,1982,Madre
824,643,2837,Madre
825,644,3570,Madre
826,645,1971,Madre
827,646,1068,Padre
828,646,3931,Padre
829,647,3588,Padre
830,648,576,Padre
831,649,701,Padre
832,650,4026,Padre
833,650,1167,Padre
834,650,3594,Padre
835,651,326,Padre
836,652,191,Madre
837,652,1801,Madre
838,653,1308,Padre
839,654,3980,Padre
840,655,2358,Padre
841,656,177,Padre
842,657,2979,Madre
843,658,3764,Padre
844,658,1653,Padre
845,659,2451,Padre
846,660,1965,Madre
847,661,457,Padre
848,662,4063,Madre
849,662,3590,Madre
850,663,3905,Padre
851,663,1254,Padre
852,663,3228,Padre
853,664,67,Padre
854,664,1292,Padre
855,664,796,Padre
856,665,3638,Padre
857,665,2815,Padre
858,666,1205,Madre
859,667,516,Madre
860,668,3786,Padre
861,669,1817,Madre
862,670,1287,Madre
863,671,1900,Padre
864,672,189,Padre
865,673,3424,Madre
866,674,1590,Madre
867,675,1536,Padre
868,675,2894,Padre
869,675,3555,Padre
870,676,1228,Madre
871,676,379,Madre
872,677,2366,Padre
873,678,3114,Padre
874,679,2813,Madre
875,680,3133,Padre
876,681,410,Madre
877,681,1596,Madre
878,682,2986,Padre
879,683,1144,Padre
880,683,959,Padre
881,684,118,Madre
882,685,1473,Padre
883,686,458,Padre
884,687,306,Madre
885,688,2676,Madre
886,689,2437,Padre
887,690,2354,Padre
888,691,122,Padre
889,692,28,Madre
890,693,1811,Madre
891,694,4010,Madre
892,695,2552,Madre
893,695,3368,Madre
894,696,1783,Padre
895,697,2215,Padre
896,697,2310,Padre
897,698,1599,Padre
898,699,1781,Madre
899,699,3347,Madre
900,700,2461,Padre
901,700,3584,Padre
902,701,1919,Madre
903,701,3632,Madre
904,702,2402,Madre
905,703,2255,Padre
906,704,1777,Padre
907,705,1743,Madre
908,706,331,Padre
909,707,2365,Madre
910,708,810,Madre
911,709,3289,Madre
912,709,475,Madre
913,710,222,Padre
914,711,756,Padre
915,711,364,Padre
916,712,335,Padre
917,712,2245,Padre
918,713,1882,Padre
919,714,3670,Padre
920,715,3217,Padre
921,716,1686,Madre
922,717,2627,Madre
923,718,2188,Madre
924,719,1382,Padre
925,720,3483,Padre
926,721,2494,Madre
927,722,725,Madre
928,723,2089,Madre
929,724,452,Padre
930,725,2061,Madre
931,726,3679,Padre
932,727,1049,Padre
933,728,2389,Padre
934,728,3315,Padre
935,729,2649,Padre
936,730,1695,Madre
937,730,2386,Madre
938,731,434,Madre
939,732,1065,Padre
940,733,729,Madre
941,733,488,Madre
942,734,1289,Madre
943,735,3801,Padre
944,735,1933,Padre
945,736,2574,Padre
946,737,2583,Padre
947,737,2707,Padre
948,738,552,Padre
949,739,16,Padre
950,740,117,Madre
951,740,224,Madre
952,740,2069,Madre
953,741,156,Padre
954,741,1124,Padre
955,741,894,Padre
956,742,1997,Madre
957,743,2168,Padre
958,743,685,Padre
959,744,2889,Padre
960,745,418,Madre
961,746,1846,Madre
962,747,3319,Padre
963,747,438,Padre
964,748,3156,Madre
965,749,2263,Padre
966,750,1762,Padre
967,751,2747,Padre
968,751,2559,Padre
969,752,3459,Padre
970,752,346,Padre
971,753,2341,Padre
972,754,3502,Madre
973,754,983,Madre
974,755,324,Madre
975,756,1660,Padre
976,756,2930,Padre
977,757,1849,Padre
978,757,3206,Padre
979,758,3157,Madre
980,759,689,Madre
981,759,1421,Madre
982,760,1865,Madre
983,761,1894,Madre
984,761,3798,Madre
985,761,1761,Madre
986,762,3462,Padre
987,763,862,Madre
988,764,1857,Madre
989,764,544,Madre
990,765,236,Madre
991,766,36,Madre
992,766,3042,Madre
993,767,3820,Padre
994,768,182,Padre
995,769,3886,Padre
996,770,3767,Padre
997,771,1266,Padre
998,772,2569,Madre
999,772,2331,Madre
1000,773,2507,Padre
1001,774,3636,Padre
1002,775,4015,Madre
1003,776,613,Madre
1004,777,1924,Madre
1005,778,2542,Madre
1006,779,3272,Madre
1007,780,2910,Padre
1008,781,1406,Madre
1009,782,2275,Padre
1010,783,1869,Madre
1011,783,2796,Madre
1012,784,175,Padre
1013,785,2220,Padre
1014,786,1925,Madre
1015,787,1117,Padre
1016,787,2819,Padre
1017,788,1604,Padre
1018,789,463,Madre
1019,790,1708,Madre
1020,791,4046,Madre
1021,792,2774,Madre
1022,792,578,Madre
1023,793,327,Madre
1024,794,1029,Madre
1025,794,925,Madre
1026,795,2071,Padre
1027,796,3030,Madre
1028,797,3041,Madre
1029,798,1723,Madre
1030,799,417,Padre
1031,800,3785,Madre
1032,800,1559,Madre
1033,801,3940,Padre
1034,802,699,Madre
1035,802,3452,Madre
1036,803,2669,Madre
1037,804,3863,Madre
1038,805,1623,Madre
1039,806,2139,Madre
1040,807,4083,Madre
1041,808,2915,Padre
1042,809,3955,Padre
1043,810,1173,Madre
1044,811,2171,Padre
1045,812,2470,Padre
1046,813,3653,Padre
1047,813,1398,Padre
1048,814,2884,Padre
1049,815,3771,Padre
1050,816,2672,Madre
1051,816,270,Madre
1052,817,2058,Madre
1053,818,2006,Madre
1054,818,3649,Madre
1055,819,1902,Padre
1056,820,183,Madre
1057,821,2302,Padre
1058,822,3991,Madre
1059,823,169,Madre
1060,824,2728,Padre
1061,825,3213,Madre
1062,825,1024,Madre
1063,826,1137,Madre
1064,827,1807,Madre
1065,827,2135,Madre
1066,828,2230,Padre
1067,828,1518,Padre
1068,829,4062,Madre
1069,829,521,Madre
1070,830,2750,Madre
1071,830,149,Madre
1072,831,3724,Madre
1073,832,355,Madre
1074,833,77,Madre
1075,833,3598,Madre
1076,834,1293,Madre
1077,835,3437,Madre
1078,836,428,Madre
1079,837,593,Padre
1080,838,3341,Madre
1081,839,3391,Padre
1082,840,2674,Madre
1083,841,2066,Padre
1084,842,471,Padre
1085,842,960,Padre
1086,843,2101,Madre
1087,844,2413,Padre
1088,845,1841,Padre
1089,846,3175,Madre
1090,847,697,Madre
1091,848,1610,Madre
1092,849,2618,Madre
1093,850,3530,Padre
1094,850,2826,Padre
1095,851,2727,Padre
1096,852,158,Madre
1097,852,1323,Madre
1098,853,2442,Madre
1099,854,1010,Padre
1100,854,1690,Padre
1101,855,3068,Madre
1102,856,2563,Padre
1103,857,372,Padre
1104,857,713,Padre
1105,858,339,Padre
1106,859,2605,Madre
1107,859,1770,Madre
1108,860,2536,Padre
1109,861,4066,Padre
1110,862,1472,Padre
1111,862,1001,Padre
1112,863,141,Madre
1113,864,2016,Padre
1114,865,2666,Madre
1115,865,3001,Madre
1116,866,1707,Madre
1117,867,1477,Madre
1118,868,2225,Madre
1119,869,3850,Madre
1120,870,847,Padre
1121,871,3537,Madre
1122,872,592,Madre
1123,873,843,Padre
1124,874,310,Madre
1125,875,3241,Madre
1126,876,3123,Padre
1127,876,1217,Padre
1128,876,3904,Padre
1129,877,1636,Padre
1130,878,2186,Madre
1131,879,2962,Madre
1132,879,1428,Madre
1133,880,3115,Padre
1134,880,3540,Padre
1135,881,385,Padre
1136,881,386,Padre
1137,882,1158,Madre
1138,883,2534,Madre
1139,884,3255,Padre
1140,885,3279,Madre
1141,886,1943,Madre
1142,887,2585,Padre
1143,888,3252,Padre
1144,889,606,Padre
1145,890,1822,Madre
1146,891,2705,Padre
1147,892,3254,Padre
1148,893,1692,Madre
1149,894,681,Padre
1150,894,1969,Padre
1151,894,783,Padre
1152,895,2509,Madre
1153,896,1250,Madre
1154,897,4090,Madre
1155,897,446,Madre
1156,898,1379,Madre
1157,898,934,Madre
1158,899,3852,Padre
1159,899,3183,Padre
1160,900,2207,Madre
1161,901,1991,Madre
1162,902,3550,Padre
1163,903,1269,Madre
1164,903,1223,Madre
1165,904,898,Madre
1166,905,1073,Madre
1167,906,675,Padre
1168,906,2196,Padre
1169,907,2276,Padre
1170,908,4019,Padre
1171,909,842,Madre
1172,910,535,Madre
1173,910,2641,Madre
1174,911,3999,Madre
1175,912,2050,Madre
1176,912,323,Madre
1177,913,2175,Padre
1178,914,2533,Padre
1179,915,131,Madre
1180,915,1038,Madre
1181,916,3888,Madre
1182,917,1872,Padre
1183,918,1093,Padre
1184,919,1628,Madre
1185,920,1009,Padre
1186,921,1330,Madre
1187,922,2012,Padre
1188,922,4070,Padre
1189,923,2771,Madre
1190,923,1434,Madre
1191,924,2746,Padre
1192,924,2719,Padre
1193,925,2466,Padre
1194,926,3276,Madre
1195,927,2557,Padre
1196,928,941,Padre
1197,929,3102,Padre
1198,930,3158,Madre
1199,931,1062,Madre
1200,932,1764,Madre
1201,932,782,Madre
1202,933,2848,Madre
1203,934,500,Padre
1204,935,405,Padre
1205,936,1998,Padre
1206,937,2452,Padre
1207,938,1490,Padre
1208,939,2974,Padre
1209,940,922,Padre
1210,941,2989,Padre
1211,942,2434,Padre
1212,942,487,Padre
1213,942,2874,Padre
1214,943,2417,Padre
1215,944,1853,Madre
1216,945,2265,Madre
1217,946,3891,Madre
1218,946,1844,Madre
1219,947,1782,Padre
1220,948,2993,Madre
1221,949,3056,Madre
1222,950,955,Madre
1223,951,380,Padre
1224,951,2261,Padre
1225,952,1813,Padre
1226,953,1234,Madre
1227,953,870,Madre
1228,954,736,Padre
1229,955,450,Padre
1230,956,4033,Padre
1231,957,2372,Madre
1232,958,497,Padre
1233,959,2416,Madre
1234,960,2802,Madre
1235,961,3490,Padre
1236,961,2648,Padre
1237,962,2159,Madre
1238,963,1714,Madre
1239,964,3772,Madre
1240,965,1104,Padre
1241,966,1102,Madre
1242,967,2339,Padre
1243,968,2192,Padre
1244,969,1675,Padre
1245,969,229,Padre
1246,970,1348,Padre
1247,971,3973,Padre
1248,972,2406,Padre
1249,973,2927,Padre
1250,974,2928,Madre
1251,974,859,Madre
1252,975,3741,Padre
1253,976,3332,Padre
1254,977,1622,Padre
1255,977,1624,Padre
1256,978,469,Padre
1257,979,2638,Madre
1258,980,1814,Padre
1259,980,2896,Padre
1260,981,626,Madre
1261,982,2059,Madre
1262,983,3707,Madre
1263,984,1719,Padre
1264,984,35,Padre
1265,984,1827,Padre
1266,985,1594,Madre
1267,986,1445,Madre
1268,986,901,Madre
1269,987,2158,Padre
1270,988,15,Padre
1271,989,2107,Padre
1272,990,3969,Padre
1273,990,1543,Padre
1274,990,2062,Padre
1275,991,347,Padre
1276,991,3836,Padre
1277,992,785,Padre
1278,993,3542,Madre
1279,993,60,Madre
1280,993,805,Madre
1281,994,1132,Madre
1282,995,3270,Madre
1283,995,2047,Madre
1284,996,924,Madre
1285,997,2863,Padre
1286,998,2763,Madre
1287,999,758,Madre
1288,1000,2646,Padre
1289,1001,3354,Padre
1290,1002,420,Madre
1291,1003,1460,Padre
1292,1004,258,Madre
1293,1005,3314,Padre
1294,1005,2596,Padre
1295,1006,3873,Padre
1296,1007,1025,Padre
1297,1007,2873,Padre
1298,1008,4039,Padre
1299,1009,2319,Madre
1300,1009,481,Madre
1301,1010,854,Madre
1302,1011,13,Madre
1303,1012,2316,Padre
1304,1013,4009,Padre
1305,1014,30,Madre
1306,1014,3857,Madre
1307,1015,473,Padre
1308,1015,2351,Padre
1309,1015,1134,Padre
1310,1016,3791,Padre
1311,1017,1474,Madre
1312,1018,1677,Padre
1313,1018,1712,Padre
1314,1018,1346,Padre
1315,1019,2364,Madre
1316,1020,286,Madre
1317,1021,96,Padre
1318,1022,3565,Padre
1319,1022,2041,Padre
1320,1023,845,Padre
1321,1024,2553,Madre
1322,1025,2030,Madre
1323,1025,3780,Madre
1324,1026,2432,Padre
1325,1026,1951,Padre
1326,1027,3387,Madre
1327,1028,797,Padre
1328,1029,1909,Madre
1329,1030,1194,Madre
1330,1031,2660,Madre
1331,1032,1899,Madre
1332,1033,864,Madre
1333,1033,2338,Madre
1334,1034,1691,Padre
1335,1035,2455,Padre
1336,1036,1734,Madre
1337,1037,2433,Padre
1338,1038,1554,Padre
1339,1038,610,Padre
1340,1039,3394,Madre
1341,1039,2732,Madre
1342,1040,1193,Madre
1343,1040,2888,Madre
1344,1041,304,Padre
1345,1042,1133,Madre
1346,1043,684,Madre
1347,1044,1115,Madre
1348,1045,2116,Padre
1349,1046,1949,Madre
1350,1047,3430,Padre
1351,1047,3231,Padre
1352,1048,2786,Madre
1353,1049,1880,Padre
1354,1050,2003,Madre
1355,1051,1524,Padre
1356,1052,2668,Madre
1357,1053,3777,Madre
1358,1054,2940,Padre
1359,1055,3657,Madre
1360,1056,3592,Padre
1361,1057,733,Padre
1362,1058,3503,Madre
1363,1059,2308,Padre
1364,1060,1197,Padre
1365,1061,3661,Padre
1366,1062,3610,Padre
1367,1063,2558,Padre
1368,1064,1726,Madre
1369,1065,2318,Madre
1370,1066,2111,Madre
1371,1066,3420,Madre
1372,1067,3243,Padre
1373,1068,2474,Padre
1374,1069,3411,Madre
1375,1070,1410,Padre
1376,1070,520,Padre
1377,1070,2711,Padre
1378,1071,3236,Padre
1379,1072,1683,Padre
1380,1073,1273,Madre
1381,1074,3616,Madre
1382,1075,677,Padre
1383,1076,1950,Madre
1384,1076,2984,Madre
1385,1077,1563,Madre
1386,1078,2469,Padre
1387,1079,1422,Madre
1388,1080,3979,Padre
1389,1081,3076,Padre
1390,1082,5,Padre
1391,1083,2616,Madre
1392,1083,1016,Madre
1393,1084,1471,Padre
1394,1085,3986,Madre
1395,1086,3078,Madre
1396,1086,771,Madre
1397,1087,3549,Padre
1398,1088,4093,Madre
1399,1088,70,Madre
1400,1089,2422,Madre
1401,1090,3284,Padre
1402,1091,956,Madre
1403,1092,3287,Padre
1404,1093,1145,Padre
1405,1093,3655,Padre
1406,1094,3423,Madre
1407,1095,2900,Padre
1408,1095,980,Padre
1409,1096,2185,Madre
1410,1097,777,Madre
1411,1098,1393,Padre
1412,1099,2598,Madre
1413,1099,3309,Madre
1414,1099,81,Madre
1415,1100,3893,Padre
1416,1101,437,Madre
1417,1102,1272,Padre
1418,1103,2871,Madre
1419,1104,3525,Madre
1420,1105,1271,Padre
1421,1106,753,Madre
1422,1106,1262,Madre
1423,1106,545,Madre
1424,1107,641,Madre
1425,1107,489,Madre
1426,1108,2375,Padre
1427,1109,4020,Padre
1428,1110,1682,Padre
1429,1111,2517,Padre
1430,1111,2484,Padre
1431,1112,3770,Padre
1432,1113,693,Padre
1433,1114,3966,Padre
1434,1115,234,Padre
1435,1116,431,Madre
1436,1117,2122,Madre
1437,1117,1538,Madre
1438,1118,3515,Madre
1439,1118,2227,Madre
1440,1118,2278,Madre
1441,1119,369,Madre
1442,1119,136,Madre
1443,1120,671,Madre
1444,1120,1541,Madre
1445,1120,2602,Madre
1446,1121,513,Madre
1447,1122,3605,Padre
1448,1123,2587,Padre
1449,1124,1931,Madre
1450,1124,3474,Madre
1451,1125,2087,Padre
1452,1126,3313,Padre
1453,1127,604,Padre
1454,1128,3651,Padre
1455,1129,1670,Padre
1456,1130,1564,Padre
1457,1130,2187,Padre
1458,1130,3635,Padre
1459,1131,656,Padre
1460,1132,2628,Madre
1461,1133,3372,Padre
1462,1134,992,Madre
1463,1135,1945,Madre
1464,1136,3296,Padre
1465,1137,250,Padre
1466,1138,1080,Padre
1467,1139,2248,Padre
1468,1139,3218,Padre
1469,1140,43,Madre
1470,1141,2459,Padre
1471,1142,3098,Madre
1472,1143,107,Madre
1473,1144,3759,Padre
1474,1145,3449,Madre
1475,1146,1837,Madre
1476,1146,186,Madre
1477,1146,429,Madre
1478,1147,2001,Padre
1479,1148,65,Madre
1480,1148,1215,Madre
1481,1149,1701,Padre
1482,1150,2745,Madre
1483,1151,3915,Padre
1484,1151,2860,Padre
1485,1152,3128,Madre
1486,1153,1324,Madre
1487,1154,3714,Padre
1488,1155,2019,Madre
1489,1156,199,Madre
1490,1157,967,Madre
1491,1158,1312,Padre
1492,1159,2836,Padre
1493,1160,846,Padre
1494,1161,654,Madre
1495,1161,2125,Madre
1496,1162,1936,Padre
1497,1162,1569,Padre
1498,1163,2885,Madre
1499,1164,1793,Madre
1500,1165,3492,Madre
1501,1165,2382,Madre
1502,1165,1360,Madre
1503,1166,1279,Padre
1504,1167,2290,Madre
1505,1168,1375,Padre
1506,1169,1252,Padre
1507,1170,3002,Padre
1508,1171,3140,Madre
1509,1171,2052,Madre
1510,1171,4075,Madre
1511,1172,3984,Padre
1512,1173,2344,Madre
1513,1174,3775,Padre
1514,1175,1334,Padre
1515,1176,1842,Padre
1516,1177,32,Madre
1517,1178,990,Padre
1518,1179,1505,Padre
1519,1179,2538,Padre
1520,1180,1926,Madre
1521,1180,3173,Madre
1522,1181,422,Madre
1523,1182,1515,Padre
1524,1182,637,Padre
1525,1183,1366,Madre
1526,1184,2222,Padre
1527,1185,233,Madre
1528,1186,1389,Madre
1529,1187,577,Padre
1530,1188,305,Madre
1531,1189,3922,Madre
1532,1190,2324,Madre
1533,1191,2051,Madre
1534,1192,2183,Madre
1535,1193,1579,Padre
1536,1194,3978,Madre
1537,1195,3209,Madre
1538,1196,1809,Madre
1539,1196,1302,Madre
1540,1197,943,Padre
1541,1198,332,Madre
1542,1199,738,Madre
1543,1200,3058,Padre
1544,1200,249,Padre
1545,1201,26,Padre
1546,1202,2633,Madre
1547,1203,3148,Padre
1548,1204,344,Madre
1549,1205,50,Madre
1550,1205,3719,Madre
1551,1206,3696,Padre
1552,1207,1277,Madre
1553,1208,715,Madre
1554,1209,1658,Padre
1555,1210,3677,Madre
1556,1211,2518,Padre
1557,1212,2449,Padre
1558,1213,1116,Madre
1559,1213,1113,Madre
1560,1214,207,Padre
1561,1215,3023,Madre
1562,1216,1976,Madre
1563,1216,220,Madre
1564,1217,3122,Madre
1565,1218,147,Madre
1566,1219,2868,Madre
1567,1220,2323,Padre
1568,1221,1478,Padre
1569,1222,3353,Padre
1570,1223,3589,Padre
1571,1224,1354,Madre
1572,1225,1120,Padre
1573,1226,1294,Padre
1574,1227,3890,Madre
1575,1228,1431,Madre
1576,1229,2610,Madre
1577,1230,4058,Padre
1578,1230,1617,Padre
1579,1231,276,Padre
1580,1231,2733,Padre
1581,1232,2105,Padre
1582,1233,3230,Madre
1583,1233,3597,Madre
1584,1234,49,Madre
1585,1234,1320,Madre
1586,1235,2995,Madre
1587,1235,3277,Madre
1588,1236,2397,Madre
1589,1237,2009,Padre
1590,1238,1237,Padre
1591,1239,3345,Padre
1592,1240,280,Padre
1593,1240,2497,Padre
1594,1241,2164,Madre
1595,1241,185,Madre
1596,1242,2814,Padre
1597,1242,3405,Padre
1598,1243,2730,Madre
1599,1244,2992,Madre
1600,1245,1135,Madre
1601,1245,1887,Madre
1602,1246,1394,Padre
1603,1247,2982,Padre
1604,1248,3640,Madre
1605,1249,2,Madre
1606,1250,1668,Madre
1607,1251,1535,Padre
1608,1252,2077,Padre
1609,1253,1561,Padre
1610,1254,4050,Padre
1611,1255,2718,Madre
1612,1256,4055,Madre
1613,1256,3326,Madre
1614,1257,2632,Madre
1615,1258,3232,Padre
1616,1259,525,Padre
1617,1260,1296,Madre
1618,1261,3197,Padre
1619,1262,1267,Padre
1620,1263,1532,Madre
1621,1264,1395,Madre
1622,1265,350,Padre
1623,1266,2606,Padre
1624,1267,3097,Padre
1625,1267,1045,Padre
1626,1268,700,Madre
1627,1269,1097,Madre
1628,1269,212,Madre
1629,1270,3161,Padre
1630,1271,415,Madre
1631,1272,3375,Madre
1632,1273,3743,Padre
1633,1274,252,Padre
1634,1274,449,Padre
1635,1275,259,Padre
1636,1276,1355,Madre
1637,1276,1896,Madre
1638,1277,969,Madre
1639,1278,3639,Madre
1640,1279,110,Padre
1641,1279,838,Padre
1642,1280,3745,Madre
1643,1281,3644,Padre
1644,1281,1243,Padre
1645,1282,3586,Madre
1646,1283,2239,Padre
1647,1284,73,Madre
1648,1285,426,Padre
1649,1286,3043,Padre
1650,1287,2562,Madre
1651,1288,3303,Madre
1652,1289,2944,Madre
1653,1290,995,Madre
1654,1290,2710,Madre
1655,1291,2748,Padre
1656,1292,1129,Madre
1657,1292,1182,Madre
1658,1293,119,Padre
1659,1294,2883,Madre
1660,1295,3312,Madre
1661,1296,1109,Padre
1662,1296,3212,Padre
1663,1297,2699,Padre
1664,1298,4101,Madre
1665,1299,2977,Padre
1666,1300,2568,Madre
1667,1301,921,Madre
1668,1301,31,Madre
1669,1302,865,Madre
1670,1303,314,Padre
1671,1304,2412,Madre
1672,1305,2622,Madre
1673,1306,906,Padre
1674,1307,1082,Padre
1675,1308,2112,Padre
1676,1309,1200,Madre
1677,1310,2346,Padre
1678,1311,227,Madre
1679,1312,1568,Madre
1680,1312,3020,Madre
1681,1313,3324,Madre
1682,1314,3201,Madre
1683,1315,2806,Madre
1684,1316,632,Padre
1685,1317,22,Padre
1686,1318,879,Padre
1687,1319,1788,Madre
1688,1320,954,Padre
1689,1321,1606,Madre
1690,1322,737,Padre
1691,1323,1659,Madre
1692,1324,3545,Padre
1693,1325,2024,Madre
1694,1325,2010,Madre
1695,1326,998,Madre
1696,1326,3146,Madre
1697,1327,3149,Padre
1698,1328,2891,Padre
1699,1328,2824,Padre
1700,1329,2644,Madre
1701,1330,3596,Madre
1702,1331,527,Padre
1703,1332,2626,Madre
1704,1333,1209,Madre
1705,1334,2870,Padre
1706,1335,1123,Madre
1707,1336,3578,Padre
1708,1337,3879,Madre
1709,1337,875,Madre
1710,1338,1244,Padre
1711,1339,3825,Padre
1712,1340,3111,Padre
1713,1341,2564,Madre
1714,1342,1990,Padre
1715,1342,1018,Padre
1716,1343,526,Padre
1717,1344,3440,Padre
1718,1345,196,Padre
1719,1346,726,Padre
1720,1347,1738,Madre
1721,1348,953,Padre
1722,1348,2496,Padre
1723,1349,743,Padre
1724,1349,1908,Padre
1725,1350,2950,Madre
1726,1351,1041,Madre
1727,1352,804,Padre
1728,1353,1823,Padre
1729,1354,530,Madre
1730,1355,2373,Madre
1731,1356,401,Madre
1732,1357,972,Padre
1733,1358,3455,Madre
1734,1358,1159,Madre
1735,1359,3266,Madre
1736,1360,1651,Madre
1737,1361,4036,Padre
1738,1361,3497,Padre
1739,1362,256,Madre
1740,1362,3460,Madre
1741,1363,1055,Padre
1742,1364,3015,Madre
1743,1365,3910,Madre
1744,1366,1914,Madre
1745,1367,2769,Padre
1746,1368,3874,Madre
1747,1369,651,Madre
1748,1370,600,Padre
1749,1371,1530,Madre
1750,1372,1461,Madre
1751,1373,888,Padre
1752,1374,2453,Padre
1753,1375,1626,Madre
1754,1376,3427,Madre
1755,1377,3990,Madre
1756,1377,1787,Madre
1757,1378,351,Padre
1758,1379,1236,Padre
1759,1380,2691,Padre
1760,1381,1105,Padre
1761,1382,1456,Padre
1762,1382,2712,Padre
1763,1383,1977,Madre
1764,1384,3453,Padre
1765,1384,3402,Padre
1766,1384,2514,Padre
1767,1385,1364,Padre
1768,1385,2740,Padre
1769,1385,3485,Padre
1770,1386,3463,Madre
1771,1387,629,Madre
1772,1388,1995,Padre
1773,1389,645,Madre
1774,1389,3269,Madre
1775,1390,1843,Madre
1776,1390,3725,Madre
1777,1391,852,Madre
1778,1392,2924,Padre
1779,1392,857,Padre
1780,1393,966,Padre
1781,1393,2897,Padre
1782,1394,2800,Madre
1783,1394,1371,Madre
1784,1395,623,Madre
1785,1395,3250,Madre
1786,1396,2309,Padre
1787,1397,3695,Padre
1788,1398,1871,Madre
1789,1398,2964,Madre
1790,1399,1553,Padre
1791,1399,2810,Padre
1792,1400,1979,Padre
1793,1400,1332,Padre
1794,1401,3381,Padre
1795,1401,2833,Padre
1796,1402,1839,Madre
1797,1403,1785,Padre
1798,1404,2544,Padre
1799,1405,1819,Padre
1800,1406,325,Madre
1801,1407,3017,Padre
1802,1407,3135,Padre
1803,1408,3808,Padre
1804,1409,2312,Padre
1805,1410,3235,Madre
1806,1411,2388,Madre
1807,1411,565,Madre
1808,1412,1935,Padre
1809,1413,2476,Madre
1810,1413,3362,Madre
1811,1414,3407,Madre
1812,1414,1766,Madre
1813,1415,1765,Madre
1814,1415,3676,Madre
1815,1416,3247,Padre
1816,1417,561,Padre
1817,1418,4017,Madre
1818,1419,1517,Padre
1819,1419,1588,Padre
1820,1420,663,Madre
1821,1421,409,Padre
1822,1422,2503,Madre
1823,1423,2922,Padre
1824,1423,1509,Padre
1825,1424,2049,Madre
1826,1425,3642,Padre
1827,1426,2704,Padre
1828,1427,2294,Padre
1829,1427,3357,Padre
1830,1427,3359,Padre
1831,1428,721,Padre
1832,1429,2099,Madre
1833,1429,1741,Madre
1834,1430,799,Madre
1835,1431,3144,Madre
1836,1432,688,Madre
1837,1433,3947,Padre
1838,1434,1246,Padre
1839,1435,3304,Madre
1840,1435,161,Madre
1841,1435,2420,Madre
1842,1436,612,Madre
1843,1437,1365,Madre
1844,1438,2387,Padre
1845,1439,672,Madre
1846,1440,1153,Padre
1847,1440,1983,Padre
1848,1441,430,Madre
1849,1442,3344,Padre
1850,1442,2550,Padre
1851,1443,1705,Padre
1852,1443,3608,Padre
1853,1443,1160,Padre
1854,1444,860,Madre
1855,1445,3609,Padre
1856,1446,3916,Madre
1857,1447,2088,Padre
1858,1447,3643,Padre
1859,1448,6,Madre
1860,1449,2832,Padre
1861,1450,3260,Madre
1862,1450,1523,Madre
1863,1451,3018,Madre
1864,1452,1184,Padre
1865,1453,951,Madre
1866,1454,14,Padre
1867,1455,3167,Madre
1868,1456,621,Madre
1869,1456,3865,Madre
1870,1457,2409,Padre
1871,1458,996,Padre
1872,1459,4103,Madre
1873,1460,923,Madre
1874,1461,151,Padre
1875,1462,507,Padre
1876,1463,2407,Madre
1877,1463,878,Madre
1878,1464,3734,Madre
1879,1465,588,Padre
1880,1465,1753,Padre
1881,1466,3804,Madre
1882,1467,2717,Padre
1883,1468,388,Padre
1884,1469,2018,Padre
1885,1469,2998,Padre
1886,1470,2289,Madre
1887,1471,3104,Padre
1888,1472,3620,Padre
1889,1472,88,Padre
1890,1473,2129,Madre
1891,1474,1112,Madre
1892,1475,1407,Madre
1893,1475,2046,Madre
1894,1476,806,Madre
1895,1476,282,Madre
1896,1476,2877,Madre
1897,1477,349,Madre
1898,1478,3432,Padre
1899,1478,3623,Padre
1900,1479,1020,Padre
1901,1480,2251,Madre
1902,1480,4098,Madre
1903,1480,979,Madre
1904,1481,3748,Madre
1905,1482,696,Madre
1906,1483,247,Padre
1907,1483,1429,Padre
1908,1484,3859,Madre
1909,1485,1034,Padre
1910,1485,3527,Padre
1911,1486,784,Madre
1912,1487,1037,Madre
1913,1487,3431,Madre
1914,1488,789,Padre
1915,1489,2483,Padre
1916,1490,3997,Padre
1917,1491,3084,Padre
1918,1492,3602,Padre
1919,1493,4035,Padre
1920,1494,391,Madre
1921,1495,2182,Padre
1922,1496,3746,Madre
1923,1497,4073,Madre
1924,1498,3119,Padre
1925,1499,2493,Padre
1926,1499,2916,Padre
1927,1500,3028,Madre
1928,1500,3436,Madre
1929,1501,3081,Padre
1930,1502,2690,Padre
1931,1502,3854,Padre
1932,1503,1214,Madre
1933,1504,4049,Madre
1934,1505,3936,Madre
1935,1505,1685,Madre
1936,1506,1455,Madre
1937,1507,1222,Madre
1938,1508,1361,Padre
1939,1508,724,Padre
1940,1509,208,Padre
1941,1510,591,Madre
1942,1511,3684,Padre
1943,1512,3343,Padre
1944,1513,780,Padre
1945,1513,3352,Padre
1946,1514,2293,Padre
1947,1515,278,Madre
1948,1516,1552,Padre
1949,1517,2706,Padre
1950,1518,3629,Madre
1951,1519,3046,Madre
1952,1519,3735,Madre
1953,1520,3528,Padre
1954,1520,240,Padre
1955,1521,2978,Madre
1956,1522,1840,Padre
1957,1523,4064,Padre
1958,1524,3809,Madre
1959,1525,4038,Padre
1960,1526,2424,Padre
1961,1526,3050,Padre
1962,1527,3779,Padre
1963,1528,2611,Padre
1964,1529,1074,Madre
1965,1529,829,Madre
1966,1530,1387,Padre
1967,1531,1442,Madre
1968,1531,3327,Madre
1969,1532,2492,Padre
1970,1533,559,Madre
1971,1534,794,Padre
1972,1535,1631,Madre
1973,1536,3418,Padre
1974,1537,3794,Madre
1975,1538,801,Madre
1976,1539,1862,Madre
1977,1539,3323,Madre
1978,1540,2281,Padre
1979,1541,3988,Madre
1980,1542,667,Padre
1981,1543,2095,Padre
1982,1544,4072,Padre
1983,1545,1227,Madre
1984,1546,398,Padre
1985,1547,3544,Padre
1986,1548,2601,Madre
1987,1549,1096,Padre
1988,1550,840,Padre
1989,1550,630,Padre
1990,1551,1992,Madre
1991,1551,2639,Madre
1992,1552,2033,Padre
1993,1553,3478,Padre
1994,1554,548,Padre
1995,1555,1081,Padre
1996,1555,2670,Padre
1997,1556,2859,Madre
1998,1556,3995,Madre
1999,1557,1655,Madre
2000,1557,1571,Madre
2001,1557,2752,Madre
2002,1558,4040,Padre
2003,1559,1392,Madre
2004,1560,2140,Padre
2005,1561,3377,Madre
2006,1562,1589,Madre
2007,1562,2472,Madre
2008,1563,3291,Madre
2009,1564,793,Madre
2010,1564,453,Madre
2011,1565,3509,Padre
2012,1565,403,Padre
2013,1566,210,Madre
2014,1566,435,Madre
2015,1567,2961,Padre
2016,1568,116,Madre
2017,1569,3100,Padre
2018,1570,2201,Padre
2019,1571,2060,Padre
2020,1571,3582,Padre
2021,1571,495,Padre
2022,1572,2203,Padre
2023,1573,2795,Madre
2024,1574,1798,Padre
2025,1574,1810,Padre
2026,1575,2571,Madre
2027,1575,2231,Madre
2028,1576,176,Padre
2029,1577,1399,Madre
2030,1578,3193,Madre
2031,1579,290,Padre
2032,1580,1715,Madre
2033,1581,3468,Madre
2034,1582,86,Padre
2035,1583,2898,Madre
2036,1584,1829,Padre
2037,1584,3484,Padre
2038,1585,2907,Padre
2039,1586,2423,Padre
2040,1587,981,Padre
2041,1588,633,Padre
2042,1589,800,Padre
2043,1589,24,Padre
2044,1590,3199,Madre
2045,1591,389,Madre
2046,1592,3285,Padre
2047,1593,3160,Madre
2048,1594,2532,Padre
2049,1595,2603,Madre
2050,1596,55,Padre
2051,1597,3600,Madre
2052,1598,363,Madre
2053,1598,3237,Madre
2054,1599,125,Madre
2055,1599,1139,Madre
2056,1600,318,Padre
2057,1600,341,Padre
2058,1601,920,Padre
2059,1601,930,Padre
2060,1602,2683,Madre
2061,1602,3601,Madre
2062,1603,1352,Madre
2063,1604,3426,Padre
2064,1605,3292,Padre
2065,1605,2854,Padre
2066,1606,2214,Padre
2067,1607,615,Padre
2068,1608,2237,Padre
2069,1609,1286,Padre
2070,1609,2391,Padre
2071,1610,935,Padre
2072,1611,2604,Padre
2073,1612,3826,Padre
2074,1612,2572,Padre
2075,1613,3383,Padre
2076,1614,1381,Madre
2077,1615,1993,Madre
2078,1616,1353,Madre
2079,1617,3672,Padre
2080,1618,1883,Padre
2081,1619,1121,Padre
2082,1620,2519,Padre
2083,1621,1863,Padre
2084,1622,4057,Padre
2085,1623,102,Madre
2086,1624,3731,Madre
2087,1625,945,Madre
2088,1626,3817,Padre
2089,1627,3738,Madre
2090,1628,3930,Madre
2091,1628,3793,Madre
2092,1629,3693,Madre
2093,1629,226,Madre
2094,1630,695,Madre
2095,1631,3371,Padre
2096,1631,1084,Padre
2097,1631,2108,Padre
2098,1632,977,Padre
2099,1633,1493,Madre
2100,1634,3008,Madre
2101,1634,2056,Madre
2102,1635,1934,Padre
2103,1636,4,Madre
2104,1637,3692,Madre
2105,1638,2635,Padre
2106,1639,1417,Padre
2107,1640,1142,Madre
2108,1641,1645,Padre
2109,1642,1413,Madre
2110,1643,1718,Madre
2111,1644,444,Padre
2112,1645,1301,Padre
2113,1646,2540,Madre
2114,1647,1870,Padre
2115,1647,772,Padre
2116,1648,3908,Madre
2117,1649,803,Padre
2118,1650,3932,Madre
2119,1651,1140,Madre
2120,1652,3089,Madre
2121,1652,2157,Madre
2122,1653,3406,Padre
2123,1654,994,Madre
2124,1655,3514,Madre
2125,1656,320,Padre
2126,1656,1275,Padre
2127,1657,3131,Madre
2128,1657,3336,Madre
2129,1658,1291,Padre
2130,1659,991,Madre
2131,1660,659,Madre
2132,1661,352,Madre
2133,1662,1709,Madre
2134,1662,3477,Madre
2135,1663,2785,Padre
2136,1664,3297,Padre
2137,1665,1901,Padre
2138,1666,2363,Madre
2139,1667,2799,Padre
2140,1668,1307,Padre
2141,1669,3627,Madre
2142,1669,3941,Madre
2143,1669,44,Madre
2144,1670,1816,Padre
2145,1671,2247,Padre
2146,1671,1891,Padre
2147,1672,2396,Madre
2148,1672,2935,Madre
2149,1673,1,Padre
2150,1674,171,Padre
2151,1675,3419,Padre
2152,1676,3828,Madre
2153,1677,2677,Madre
2154,1678,108,Madre
2155,1679,2654,Padre
2156,1680,3130,Madre
2157,1681,3562,Madre
2158,1682,17,Padre
2159,1683,2376,Madre
2160,1684,2735,Padre
2161,1685,360,Madre
2162,1685,2045,Madre
2163,1686,2440,Madre
2164,1687,38,Padre
2165,1688,3923,Madre
2166,1689,3604,Madre
2167,1690,1981,Padre
2168,1691,454,Padre
2169,1692,1161,Padre
2170,1693,3907,Padre
2171,1694,752,Madre
2172,1695,1019,Padre
2173,1696,2274,Padre
2174,1697,3671,Padre
2175,1697,1984,Padre
2176,1698,986,Padre
2177,1699,1527,Padre
2178,1700,1491,Madre
2179,1701,2356,Madre
2180,1702,146,Padre
2181,1703,1620,Padre
2182,1704,1767,Padre
2183,1704,3812,Padre
2184,1705,1818,Madre
2185,1706,3071,Padre
2186,1706,2818,Padre
2187,1707,709,Padre
2188,1708,4045,Padre
2189,1709,2629,Madre
2190,1710,2368,Padre
2191,1711,1790,Padre
2192,1712,4100,Madre
2193,1713,731,Padre
2194,1714,412,Padre
2195,1715,1438,Padre
2196,1716,818,Padre
2197,1717,2285,Madre
2198,1718,1420,Padre
2199,1719,33,Padre
2200,1720,2254,Madre
2201,1721,142,Madre
2202,1722,3305,Padre
2203,1722,3378,Padre
2204,1723,2284,Padre
2205,1724,2141,Madre
2206,1724,809,Madre
2207,1725,1549,Padre
2208,1726,1464,Padre
2209,1727,4080,Madre
2210,1727,2228,Madre
2211,1728,1615,Madre
2212,1729,940,Padre
2213,1730,436,Padre
2214,1731,366,Madre
2215,1732,2738,Madre
2216,1733,3107,Madre
2217,1734,2398,Madre
2218,1735,627,Madre
2219,1736,162,Madre
2220,1737,4012,Madre
2221,1737,1370,Madre
2222,1738,1510,Padre
2223,1739,1199,Madre
2224,1740,1454,Padre
2225,1741,113,Madre
2226,1741,2104,Madre
2227,1741,2903,Madre
2228,1742,2701,Padre
2229,1742,1960,Padre
2230,1743,4084,Padre
2231,1743,749,Padre
2232,1744,2696,Madre
2233,1745,3711,Madre
2234,1745,3760,Madre
2235,1745,1893,Madre
2236,1746,103,Madre
2237,1747,918,Padre
2238,1748,3917,Madre
2239,1749,3185,Madre
2240,1749,666,Madre
2241,1750,1873,Padre
2242,1750,1644,Padre
2243,1751,837,Padre
2244,1752,2174,Madre
2245,1753,1230,Padre
2246,1754,1970,Padre
2247,1755,1890,Padre
2248,1756,1768,Padre
2249,1757,532,Madre
2250,1758,4016,Padre
2251,1759,2082,Madre
2252,1759,1008,Madre
2253,1760,3994,Madre
2254,1760,4021,Madre
2255,1761,3929,Padre
2256,1761,1792,Padre
2257,1761,3831,Padre
2258,1762,3611,Madre
2259,1763,3700,Madre
2260,1763,485,Madre
2261,1764,2170,Madre
2262,1764,2481,Madre
2263,1765,2886,Padre
2264,1766,493,Madre
2265,1767,1329,Padre
2266,1767,1681,Padre
2267,1768,2240,Madre
2268,1769,2936,Padre
2269,1770,1004,Padre
2270,1771,3439,Padre
2271,1772,3963,Padre
2272,1773,2467,Madre
2273,1774,741,Madre
2274,1775,1769,Madre
2275,1776,2086,Madre
2276,1777,1815,Padre
2277,1778,3251,Padre
2278,1779,3219,Madre
2279,1779,3498,Madre
2280,1780,2575,Padre
2281,1780,3026,Padre
2282,1781,2343,Madre
2283,1782,3782,Madre
2284,1783,947,Madre
2285,1784,66,Madre
2286,1785,4089,Madre
2287,1786,1107,Madre
2288,1786,3307,Madre
2289,1787,3898,Madre
2290,1787,2539,Madre
2291,1788,1351,Madre
2292,1789,2513,Padre
2293,1790,2068,Madre
2294,1791,4060,Padre
2295,1791,3868,Padre
2296,1792,3467,Madre
2297,1793,1150,Padre
2298,1794,988,Madre
2299,1795,2272,Madre
2300,1796,293,Padre
2301,1796,503,Padre
2302,1797,2658,Padre
2303,1798,21,Padre
2304,1798,2736,Padre
2305,1798,3448,Padre
2306,1799,216,Padre
2307,1800,607,Madre
2308,1801,844,Padre
2309,1802,2403,Madre
2310,1803,2501,Madre
2311,1804,2380,Madre
2312,1805,1835,Madre
2313,1805,3763,Madre
2314,1805,3393,Madre
2315,1806,3457,Madre
2316,1806,2530,Madre
2317,1807,2929,Padre
2318,1808,3906,Madre
2319,1809,927,Madre
2320,1810,1749,Padre
2321,1811,3788,Madre
2322,1812,371,Padre
2323,1813,2205,Padre
2324,1814,2208,Padre
2325,1815,2965,Madre
2326,1815,938,Madre
2327,1816,2057,Padre
2328,1817,1602,Padre
2329,1817,362,Padre
2330,1818,2277,Padre
2331,1818,1831,Padre
2332,1819,811,Madre
2333,1820,1852,Padre
2334,1820,246,Padre
2335,1821,3153,Madre
2336,1822,2590,Padre
2337,1822,3480,Padre
2338,1823,198,Padre
2339,1824,3669,Padre
2340,1825,3750,Padre
2341,1826,288,Padre
2342,1827,301,Madre
2343,1828,3538,Padre
2344,1828,2353,Padre
2345,1829,1499,Madre
2346,1830,1229,Madre
2347,1830,3280,Madre
2348,1831,704,Padre
2349,1831,329,Padre
2350,1831,529,Padre
2351,1832,2336,Padre
2352,1833,2014,Padre
2353,1834,3482,Madre
2354,1835,3662,Padre
2355,1836,476,Madre
2356,1837,3257,Madre
2357,1838,245,Madre
2358,1839,1836,Padre
2359,1840,1567,Madre
2360,1841,2679,Padre
2361,1842,987,Madre
2362,1842,3155,Madre
2363,1843,1156,Padre
2364,1844,51,Madre
2365,1844,1526,Madre
2366,1845,3005,Padre
2367,1846,3246,Madre
2368,1847,1494,Padre
2369,1848,3044,Padre
2370,1849,2822,Padre
2371,1850,1345,Madre
2372,1851,2567,Madre
2373,1852,2566,Padre
2374,1853,421,Padre
2375,1853,1224,Padre
2376,1854,1331,Madre
2377,1854,1702,Madre
2378,1855,235,Padre
2379,1855,266,Padre
2380,1856,853,Padre
2381,1857,795,Madre
2382,1858,1988,Padre
2383,1859,3350,Madre
2384,1860,4065,Madre
2385,1861,3159,Madre
2386,1862,2680,Padre
2387,1863,2597,Madre
2388,1864,3087,Madre
2389,1865,761,Padre
2390,1866,1663,Padre
2391,1867,1485,Padre
2392,1868,1650,Madre
2393,1869,1377,Madre
2394,1870,735,Padre
2395,1871,3807,Madre
2396,1871,1313,Madre
2397,1872,1687,Madre
2398,1872,792,Madre
2399,1873,2097,Madre
2400,1873,2165,Madre
2401,1874,1111,Madre
2402,1874,3142,Madre
2403,1875,3223,Padre
2404,1876,3506,Madre
2405,1877,3417,Madre
2406,1878,1484,Padre
2407,1879,2511,Padre
2408,1879,292,Padre
2409,1880,2878,Madre
2410,1881,3686,Madre
2411,1882,3363,Madre
2412,1883,3974,Padre
2413,1884,1752,Madre
2414,1884,2934,Madre
2415,1885,2766,Madre
2416,1885,3226,Madre
2417,1886,4001,Madre
2418,1887,814,Madre
2419,1888,2956,Madre
2420,1889,373,Madre
2421,1890,3403,Padre
2422,1891,59,Padre
2423,1892,2124,Padre
2424,1893,760,Padre
2425,1894,2997,Madre
2426,1895,3215,Madre
2427,1896,3728,Padre
2428,1897,1915,Madre
2429,1897,115,Madre
2430,1898,3796,Madre
2431,1899,2976,Padre
2432,1899,2305,Padre
2433,1900,2198,Madre
2434,1901,296,Padre
2435,1901,834,Padre
2436,1902,566,Madre
2437,1902,887,Madre
2438,1903,3399,Padre
2439,1904,3848,Madre
2440,1905,300,Madre
2441,1906,3358,Madre
2442,1907,2234,Padre
2443,1908,3177,Padre
2444,1909,160,Madre
2445,1909,1415,Madre
2446,1909,109,Madre
2447,1910,3009,Padre
2448,1911,3328,Madre
2449,1912,1378,Padre
2450,1913,2486,Padre
2451,1913,2114,Padre
2452,1913,299,Padre
2453,1914,2761,Padre
2454,1915,275,Padre
2455,1916,424,Madre
2456,1917,3521,Padre
2457,1918,3204,Madre
2458,1919,2329,Madre
2459,1920,2700,Padre
2460,1921,3340,Padre
2461,1921,2362,Padre
2462,1922,2091,Padre
2463,1922,1961,Padre
2464,1923,3740,Madre
2465,1924,892,Padre
2466,1925,3593,Madre
2467,1926,3522,Padre
2468,1926,1892,Padre
2469,1927,2737,Padre
2470,1928,2650,Padre
2471,1928,1879,Padre
2472,1929,3508,Madre
2473,1929,3036,Madre
2474,1930,9,Padre
2475,1931,2156,Padre
2476,1932,2758,Padre
2477,1933,3404,Madre
2478,1934,1897,Padre
2479,1934,3310,Padre
2480,1935,3214,Madre
2481,1936,1259,Padre
2482,1937,1772,Madre
2483,1937,315,Madre
2484,1938,45,Padre
2485,1938,39,Padre
2486,1939,1529,Madre
2487,1939,1742,Madre
2488,1939,2268,Madre
2489,1940,2990,Madre
2490,1941,2264,Madre
2491,1942,316,Padre
2492,1943,3421,Padre
2493,1944,3803,Madre
2494,1944,3933,Madre
2495,1945,3935,Madre
2496,1945,1638,Madre
2497,1946,2204,Padre
2498,1947,1253,Madre
2499,1948,3697,Madre
2500,1949,3180,Madre
2501,1950,1577,Madre
2502,1951,4011,Padre
2503,1951,3733,Padre
2504,1952,2527,Padre
2505,1953,2148,Padre
2506,1953,3479,Padre
2507,1953,3057,Padre
2508,1954,2994,Padre
2509,1955,3822,Padre
2510,1955,1713,Padre
2511,1956,4068,Madre
2512,1956,3815,Madre
2513,1957,394,Padre
2514,1957,2039,Padre
2515,1958,3458,Padre
2516,1958,1180,Padre
2517,1959,2698,Madre
2518,1959,2831,Madre
2519,1960,2151,Padre
2520,1961,558,Madre
2521,1962,2300,Madre
2522,1962,2128,Madre
2523,1963,1088,Madre
2524,1964,764,Padre
2525,1965,978,Madre
2526,1966,1503,Padre
2527,1967,1522,Madre
2528,1967,662,Madre
2529,1967,2906,Madre
2530,1968,1775,Madre
2531,1969,1453,Padre
2532,1970,1625,Madre
2533,1971,4087,Padre
2534,1971,3897,Padre
2535,1971,3398,Padre
2536,1972,4056,Madre
2537,1972,655,Madre
2538,1973,2055,Padre
2539,1974,34,Padre
2540,1975,337,Madre
2541,1976,3975,Padre
2542,1977,3965,Padre
2543,1977,218,Padre
2544,1978,676,Padre
2545,1979,3311,Madre
2546,1980,2754,Madre
2547,1981,2775,Padre
2548,1981,1729,Padre
2549,1982,872,Padre
2550,1983,482,Padre
2551,1984,2013,Padre
2552,1985,608,Madre
2553,1985,2703,Madre
2554,1986,905,Madre
2555,1987,1195,Padre
2556,1987,2608,Padre
2557,1988,3335,Madre
2558,1989,1861,Padre
2559,1990,2613,Padre
2560,1990,3712,Padre
2561,1991,770,Madre
2562,1992,1732,Padre
2563,1993,1152,Padre
2564,1993,3520,Padre
2565,1994,3892,Padre
2566,1995,3141,Padre
2567,1995,508,Padre
2568,1996,4088,Madre
2569,1997,603,Padre
2570,1998,1533,Padre
2571,1999,1436,Madre
2572,2000,2023,Madre
2573,2001,1989,Madre
2574,2001,2480,Madre
2575,2001,1390,Madre
2576,2002,3138,Madre
2577,2003,159,Padre
2578,2003,375,Padre
2579,2004,112,Padre
2580,2004,1386,Padre
2581,2005,2892,Padre
2582,2006,3376,Madre
2583,2007,3450,Padre
2584,2008,1773,Padre
2585,2009,1257,Padre
2586,2010,1241,Madre
2587,2011,289,Madre
2588,2012,2983,Padre
2589,2013,2102,Padre
2590,2013,427,Padre
2591,2014,1603,Madre
2592,2015,1057,Padre
2593,2015,1597,Padre
2594,2016,3433,Madre
2595,2016,74,Madre
2596,2017,550,Madre
2597,2018,202,Padre
2598,2018,1314,Padre
2599,2019,1679,Padre
2600,2020,2760,Padre
2601,2021,1232,Madre
2602,2021,833,Madre
2603,2021,997,Madre
2604,2022,1557,Madre
2605,2022,2079,Madre
2606,2023,3413,Madre
2607,2024,3355,Madre
2608,2025,722,Madre
2609,2026,574,Madre
2610,2027,2258,Padre
2611,2028,3200,Padre
2612,2029,2138,Padre
2613,2030,742,Madre
2614,2031,3108,Madre
2615,2031,3519,Madre
2616,2031,3168,Madre
2617,2032,1063,Padre
2618,2032,3256,Padre
2619,2033,1162,Madre
2620,2034,2242,Padre
2621,2035,193,Padre
2622,2036,2692,Madre
2623,2037,826,Padre
2624,2038,1958,Madre
2625,2039,1190,Padre
2626,2040,625,Madre
2627,2041,1401,Madre
2628,2041,3864,Madre
2629,2042,1664,Madre
2630,2043,4008,Madre
2631,2044,718,Padre
2632,2045,3870,Padre
2633,2046,1746,Madre
2634,2047,2614,Madre
2635,2048,3687,Padre
2636,2049,3507,Padre
2637,2050,2655,Padre
2638,2051,908,Madre
2639,2052,1023,Madre
2640,2053,3224,Madre
2641,2053,2753,Madre
2642,2054,145,Madre
2643,2055,2306,Padre
2644,2056,984,Madre
2645,2057,939,Madre
2646,2058,1002,Padre
2647,2058,1483,Padre
2648,2059,3766,Padre
2649,2060,3283,Padre
2650,2061,3055,Madre
2651,2061,1221,Madre
2652,2062,3920,Padre
2653,2063,1463,Madre
2654,2063,1281,Madre
2655,2064,884,Padre
2656,2064,3918,Padre
2657,2065,1404,Madre
2658,2066,2548,Padre
2659,2066,3621,Padre
2660,2066,2241,Padre
2661,2067,1179,Padre
2662,2067,683,Padre
2663,2068,1198,Padre
2664,2069,3701,Madre
2665,2070,272,Madre
2666,2071,390,Madre
2667,2072,1684,Padre
2668,2073,3059,Padre
2669,2074,455,Madre
2670,2074,546,Madre
2671,2075,3765,Madre
2672,2076,1290,Madre
2673,2077,3486,Padre
2674,2078,1797,Madre
2675,2079,975,Padre
2676,2080,1576,Madre
2677,2081,3787,Madre
2678,2082,1940,Madre
2679,2083,2291,Padre
2680,2083,1440,Padre
2681,2084,3049,Madre
2682,2085,3070,Madre
2683,2086,1905,Madre
2684,2087,1575,Madre
2685,2088,4082,Madre
2686,2089,1251,Padre
2687,2090,3179,Padre
2688,2090,958,Padre
2689,2091,2296,Padre
2690,2091,180,Padre
2691,2092,3267,Padre
2692,2093,126,Padre
2693,2094,2881,Padre
2694,2095,2809,Madre
2695,2096,1309,Madre
2696,2097,1488,Padre
2697,2098,3756,Madre
2698,2099,873,Padre
2699,2100,1967,Madre
2700,2101,1347,Padre
2701,2101,3469,Padre
2702,2102,3400,Madre
2703,2102,3451,Madre
2704,2103,3134,Padre
2705,2104,10,Madre
2706,2104,2543,Madre
2707,2104,3720,Madre
2708,2105,2169,Padre
2709,2106,2166,Madre
2710,2106,2371,Madre
2711,2106,3792,Madre
2712,2107,1794,Padre
2713,2108,213,Madre
2714,2109,192,Madre
2715,2109,2659,Madre
2716,2110,1565,Madre
2717,2111,3546,Madre
2718,2112,572,Padre
2719,2112,4067,Padre
2720,2113,3121,Madre
2721,2114,203,Madre
2722,2115,178,Padre
2723,2116,2794,Padre
2724,2117,3096,Madre
2725,2118,2430,Madre
2726,2119,1560,Padre
2727,2120,3261,Madre
2728,2121,3132,Padre
2729,2121,501,Padre
2730,2122,916,Padre
2731,2123,291,Padre
2732,2124,2849,Padre
2733,2125,3718,Padre
2734,2126,2103,Madre
2735,2126,768,Madre
2736,2126,1502,Madre
2737,2127,25,Padre
2738,2128,3334,Madre
2739,2129,2313,Padre
2740,2129,1918,Padre
2741,2130,928,Madre
2742,2131,1349,Padre
2743,2132,917,Padre
2744,2133,647,Padre
2745,2134,1520,Padre
2746,2134,2899,Padre
2747,2135,4031,Madre
2748,2136,2109,Madre
2749,2137,2716,Madre
2750,2138,816,Madre
2751,2138,3004,Madre
2752,2139,370,Madre
2753,2140,2932,Padre
2754,2141,1433,Madre
2755,2142,3473,Padre
2756,2143,563,Padre
2757,2144,3895,Padre
2758,2144,1225,Padre
2759,2145,3190,Madre
2760,2145,3559,Madre
2761,2146,1466,Madre
2762,2147,3833,Padre
2763,2148,2401,Madre
2764,2148,3843,Madre
2765,2149,472,Padre
2766,2150,154,Madre
2767,2151,3152,Padre
2768,2151,858,Padre
2769,2152,3744,Madre
2770,2153,1419,Madre
2771,2153,3165,Madre
2772,2153,2782,Madre
2773,2154,1317,Madre
2774,2155,163,Padre
2775,2156,2429,Madre
2776,2156,3885,Madre
2777,2157,1906,Madre
2778,2158,279,Padre
2779,2159,515,Padre
2780,2160,1877,Padre
2781,2161,740,Padre
2782,2162,2317,Madre
2783,2162,2287,Madre
2784,2162,3561,Madre
2785,2163,214,Padre
2786,2164,3154,Madre
2787,2165,931,Padre
2788,2166,3580,Padre
2789,2167,1860,Madre
2790,2168,2444,Padre
2791,2169,769,Madre
2792,2169,2637,Madre
2793,2170,2526,Padre
2794,2171,3366,Padre
2795,2172,542,Padre
2796,2173,2829,Madre
2797,2174,2857,Padre
2798,2175,298,Madre
2799,2176,2522,Padre
2800,2177,2793,Madre
2801,2178,1187,Padre
2802,2179,2925,Madre
2803,2180,1582,Padre
2804,2181,2184,Padre
2805,2182,2890,Madre
2806,2182,1888,Madre
2807,2183,1405,Madre
2808,2184,1070,Madre
2809,2185,4079,Madre
2810,2186,1789,Padre
2811,2187,3981,Madre
2812,2187,2029,Madre
2813,2188,1245,Madre
2814,2189,297,Madre
2815,2190,3242,Padre
2816,2190,1176,Padre
2817,2190,3957,Padre
2818,2191,601,Madre
2819,2192,880,Madre
2820,2193,3067,Padre
2821,2193,3181,Padre
2822,2194,4059,Padre
2823,2195,1821,Padre
2824,2196,2621,Padre
2825,2197,445,Padre
2826,2198,2360,Madre
2827,2199,4006,Padre
2828,2200,3574,Madre
2829,2201,2864,Madre
2830,2202,2528,Madre
2831,2202,173,Madre
2832,2203,311,Padre
2833,2204,2954,Padre
2834,2205,1716,Madre
2835,2205,3073,Madre
2836,2206,3045,Padre
2837,2207,3322,Madre
2838,2207,3591,Madre
2839,2208,3116,Padre
2840,2208,3316,Padre
2841,2209,2797,Padre
2842,2210,1280,Madre
2843,2211,3747,Madre
2844,2212,2744,Padre
2845,2213,3192,Madre
2846,2214,1975,Madre
2847,2215,885,Padre
2848,2216,3351,Madre
2849,2216,2643,Madre
2850,2217,2414,Padre
2851,2218,85,Padre
2852,2219,93,Padre
2853,2219,477,Padre
2854,2220,71,Madre
2855,2221,4051,Padre
2856,2221,1678,Padre
2857,2222,340,Padre
2858,2223,1904,Madre
2859,2224,1648,Madre
2860,2225,2777,Padre
2861,2226,361,Madre
2862,2227,3147,Madre
2863,2228,2374,Padre
2864,2229,3882,Madre
2865,2230,3099,Padre
2866,2231,1774,Madre
2867,2232,686,Madre
2868,2232,1947,Madre
2869,2233,3914,Madre
2870,2234,2820,Madre
2871,2234,396,Madre
2872,2235,2866,Padre
2873,2236,2724,Madre
2874,2237,1397,Madre
2875,2237,1866,Madre
2876,2238,2443,Madre
2877,2239,2821,Madre
2878,2240,3899,Madre
2879,2241,973,Padre
2880,2241,3286,Padre
2881,2242,1495,Padre
2882,2243,952,Madre
2883,2243,1391,Madre
2884,2244,1006,Padre
2885,2244,104,Padre
2886,2245,1525,Padre
2887,2245,3428,Padre
2888,2246,1183,Madre
2889,2246,3365,Madre
2890,2247,1868,Madre
2891,2248,1751,Padre
2892,2249,570,Padre
2893,2250,4029,Padre
2894,2251,3016,Padre
2895,2252,3689,Padre
2896,2253,499,Padre
2897,2254,111,Madre
2898,2255,3524,Padre
2899,2256,1607,Padre
2900,2256,2963,Padre
2901,2257,640,Madre
2902,2258,1921,Padre
2903,2259,2226,Madre
2904,2259,2714,Madre
2905,2260,2980,Padre
2906,2261,2912,Padre
2907,2261,2817,Padre
2908,2262,2612,Padre
2909,2263,295,Madre
2910,2264,2630,Madre
2911,2265,2615,Madre
2912,2265,2741,Madre
2913,2266,1614,Padre
2914,2266,3606,Padre
2915,2267,1475,Padre
2916,2268,2573,Madre
2917,2268,3761,Madre
2918,2269,3829,Madre
2919,2270,1337,Padre
2920,2271,3065,Madre
2921,2272,3717,Madre
2922,2273,3647,Padre
2923,2274,1285,Madre
2924,2275,1403,Madre
2925,2276,791,Padre
2926,2277,3810,Padre
2927,2277,2805,Padre
2928,2278,658,Madre
2929,2279,1052,Padre
2930,2280,522,Padre
2931,2280,3085,Padre
2932,2281,881,Madre
2933,2282,3325,Madre
2934,2282,228,Madre
2935,2283,573,Padre
2936,2284,3834,Madre
2937,2284,575,Madre
2938,2285,1248,Padre
2939,2286,3715,Madre
2940,2287,3397,Madre
2941,2288,3699,Padre
2942,2288,1948,Padre
2943,2289,754,Padre
2944,2290,2689,Padre
2945,2291,2450,Padre
2946,2292,4027,Padre
2947,2293,620,Madre
2948,2294,63,Padre
2949,2295,831,Padre
2950,2296,3174,Padre
2951,2297,4096,Madre
2952,2298,3945,Madre
2953,2299,303,Madre
2954,2299,1106,Madre
2955,2300,490,Padre
2956,2301,1064,Padre
2957,2301,2250,Padre
2958,2302,135,Madre
2959,2302,2489,Madre
2960,2303,2419,Padre
2961,2304,3064,Padre
2962,2305,2134,Madre
2963,2306,128,Madre
2964,2307,668,Padre
2965,2307,646,Padre
2966,2308,1922,Madre
2967,2308,682,Madre
2968,2309,3137,Madre
2969,2310,1920,Madre
2970,2310,2266,Madre
2971,2310,2955,Madre
2972,2311,2504,Madre
2973,2312,1022,Madre
2974,2313,2345,Padre
2975,2314,679,Padre
2976,2315,3919,Madre
2977,2315,3985,Madre
2978,2315,3094,Madre
2979,2316,1884,Padre
2980,2317,383,Padre
2981,2317,3727,Padre
2982,2318,1249,Padre
2983,2318,3827,Padre
2984,2319,3434,Madre
2985,2320,711,Madre
2986,2321,1616,Madre
2987,2322,1941,Madre
2988,2323,3683,Madre
2989,2324,687,Madre
2990,2325,465,Padre
2991,2325,144,Padre
2992,2325,264,Padre
2993,2326,1060,Padre
2994,2327,3318,Padre
2995,2328,1171,Padre
2996,2329,1447,Madre
2997,2330,1322,Padre
2998,2331,2901,Madre
2999,2332,1168,Madre
3000,2333,3047,Padre
3001,2334,3031,Madre
3002,2335,1443,Madre
3003,2336,190,Madre
3004,2337,707,Padre
3005,2338,3553,Padre
3006,2339,4077,Padre
3007,2340,3543,Madre
3008,2341,384,Madre
3009,2341,4030,Madre
3010,2341,3101,Madre
3011,2342,557,Madre
3012,2343,1170,Padre
3013,2344,2970,Madre
3014,2345,2035,Padre
3015,2345,127,Padre
3016,2346,719,Madre
3017,2347,1457,Padre
3018,2348,1886,Padre
3019,2348,382,Padre
3020,2349,357,Madre
3021,2350,3585,Madre
3022,2351,2967,Padre
3023,2352,2032,Madre
3024,2352,1513,Madre
3025,2353,597,Padre
3026,2354,3464,Padre
3027,2355,2488,Padre
3028,2356,562,Madre
3029,2357,855,Madre
3030,2357,3356,Madre
3031,2358,692,Madre
3032,2359,2143,Madre
3033,2360,2846,Madre
3034,2360,567,Madre
3035,2361,262,Madre
3036,2361,285,Madre
3037,2362,467,Madre
3038,2363,2235,Padre
3039,2364,2333,Madre
3040,2365,3626,Padre
3041,2366,536,Madre
3042,2367,1745,Madre
3043,2367,138,Madre
3044,2368,1462,Madre
3045,2369,3188,Padre
3046,2370,1721,Madre
3047,2371,3837,Padre
3048,2371,1724,Padre
3049,2372,2812,Padre
3050,2372,1562,Padre
3051,2372,2445,Padre
3052,2373,2270,Padre
3053,2374,551,Madre
3054,2375,302,Madre
3055,2376,553,Padre
3056,2377,3258,Padre
3057,2378,3650,Padre
3058,2379,813,Padre
3059,2380,432,Padre
3060,2381,3821,Padre
3061,2381,312,Padre
3062,2382,2908,Madre
3063,2382,1500,Madre
3064,2383,2952,Madre
3065,2384,2370,Padre
3066,2385,3552,Madre
3067,2386,2554,Madre
3068,2387,1044,Madre
3069,2388,3126,Padre
3070,2389,2259,Padre
3071,2390,209,Madre
3072,2391,3663,Padre
3073,2391,2834,Padre
3074,2392,3240,Padre
3075,2393,2342,Padre
3076,2393,3000,Padre
3077,2394,94,Padre
3078,2395,3846,Madre
3079,2395,628,Madre
3080,2396,2179,Madre
3081,2397,2609,Madre
3082,2398,2335,Padre
3083,2399,2100,Padre
3084,2400,3595,Madre
3085,2401,2858,Madre
3086,2402,3901,Madre
3087,2402,1697,Madre
3088,2403,2090,Madre
3089,2404,3221,Padre
3090,2405,333,Padre
3091,2406,1288,Padre
3092,2407,3227,Padre
3093,2408,1299,Madre
3094,2408,3066,Madre
3095,2409,187,Madre
3096,2410,605,Padre
3097,2411,3762,Padre
3098,2412,2473,Padre
3099,2413,1985,Madre
3100,2414,1548,Madre
3101,2415,2378,Madre
3102,2416,744,Padre
3103,2417,3783,Madre
3104,2418,2923,Padre
3105,2419,2943,Padre
3106,2420,1959,Madre
3107,2421,2570,Padre
3108,2422,3928,Madre
3109,2422,3576,Madre
3110,2423,2798,Padre
3111,2424,2223,Madre
3112,2425,166,Madre
3113,2426,767,Padre
3114,2427,129,Madre
3115,2428,1666,Padre
3116,2429,1047,Madre
3117,2429,3547,Madre
3118,2430,2988,Madre
3119,2431,3275,Madre
3120,2432,3681,Padre
3121,2433,669,Madre
3122,2434,1118,Padre
3123,2435,970,Padre
3124,2436,1585,Madre
3125,2437,517,Madre
3126,2438,2581,Padre
3127,2439,825,Padre
3128,2439,702,Padre
3129,2440,1507,Madre
3130,2441,3125,Padre
3131,2442,993,Madre
3132,2443,114,Padre
3133,2444,153,Madre
3134,2445,3007,Madre
3135,2446,492,Madre
3136,2446,2216,Madre
3137,2446,915,Madre
3138,2447,494,Madre
3139,2448,4023,Padre
3140,2449,1665,Madre
3141,2450,2535,Padre
3142,2451,321,Padre
3143,2452,851,Madre
3144,2453,3819,Madre
3145,2454,2297,Madre
3146,2454,2600,Madre
3147,2455,3074,Padre
3148,2456,583,Madre
3149,2457,822,Padre
3150,2458,414,Madre
3151,2459,345,Madre
3152,2460,678,Madre
3153,2461,2768,Madre
3154,2462,1383,Padre
3155,2463,56,Madre
3156,2464,2385,Padre
3157,2465,1240,Padre
3158,2465,2734,Padre
3159,2466,511,Madre
3160,2467,694,Padre
3161,2468,1694,Padre
3162,2469,3169,Madre
3163,2470,2383,Madre
3164,2471,3129,Madre
3165,2471,313,Madre
3166,2472,130,Madre
3167,2473,2720,Madre
3168,2474,2515,Madre
3169,2475,3774,Madre
3170,2475,1143,Madre
3171,2476,1218,Padre
3172,2477,643,Madre
3173,2478,91,Padre
3174,2478,1039,Padre
3175,2479,2127,Padre
3176,2480,3117,Padre
3177,2481,657,Madre
3178,2482,1516,Padre
3179,2483,755,Madre
3180,2484,1987,Madre
3181,2485,971,Madre
3182,2486,787,Padre
3183,2487,98,Padre
3184,2488,201,Madre
3185,2489,1973,Madre
3186,2490,1446,Padre
3187,2491,3778,Padre
3188,2492,3769,Madre
3189,2492,4095,Madre
3190,2493,1373,Padre
3191,2494,3412,Madre
3192,2495,3425,Padre
3193,2496,1587,Padre
3194,2497,1114,Madre
3195,2497,3900,Madre
3196,2498,2770,Padre
3197,2499,2942,Padre
3198,2500,2410,Madre
3199,2501,2879,Madre
3200,2502,2411,Madre
3201,2503,3517,Padre
3202,2504,786,Padre
3203,2505,3634,Madre
3204,2505,748,Madre
3205,2506,2081,Madre
3206,2507,1089,Madre
3207,2507,106,Madre
3208,2508,1226,Madre
3209,2508,519,Madre
3210,2508,1261,Madre
3211,2509,294,Padre
3212,2510,2743,Madre
3213,2510,835,Madre
3214,2511,2742,Madre
3215,2512,3203,Padre
3216,2513,3587,Madre
3217,2514,470,Madre
3218,2515,3233,Padre
3219,2516,2662,Madre
3220,2517,989,Madre
3221,2517,1258,Madre
3222,2518,3704,Madre
3223,2519,3742,Padre
3224,2519,336,Padre
3225,2520,241,Madre
3226,2521,2840,Madre
3227,2522,3501,Madre
3228,2523,2233,Madre
3229,2523,1986,Madre
3230,2524,580,Madre
3231,2525,1219,Padre
3232,2526,1727,Padre
3233,2526,3027,Padre
3234,2527,817,Madre
3235,2527,3830,Madre
3236,2528,1333,Padre
3237,2528,1547,Padre
3238,2529,1108,Madre
3239,2530,281,Madre
3240,2531,2191,Madre
3241,2531,587,Madre
3242,2532,1593,Madre
3243,2533,265,Padre
3244,2534,3207,Padre
3245,2535,904,Padre
3246,2536,2586,Madre
3247,2537,1508,Madre
3248,2538,2823,Padre
3249,2539,3832,Madre
3250,2540,2392,Padre
3251,2541,3698,Padre
3252,2541,4099,Padre
3253,2542,2779,Madre
3254,2543,750,Madre
3255,2544,2645,Padre
3256,2545,1881,Madre
3257,2545,2599,Madre
3258,2546,1703,Padre
3259,2547,2723,Padre
3260,2548,3691,Padre
3261,2549,4091,Madre
3262,2550,3581,Madre
3263,2551,1467,Padre
3264,2552,2321,Madre
3265,2553,2063,Madre
3266,2553,876,Madre
3267,2554,3210,Padre
3268,2555,3944,Madre
3269,2555,2490,Madre
3270,2556,217,Padre
3271,2557,3946,Madre
3272,2557,3504,Madre
3273,2558,1600,Padre
3274,2558,3120,Padre
3275,2558,1710,Padre
3276,2559,3883,Padre
3277,2560,907,Madre
3278,2560,1306,Madre
3279,2561,2589,Padre
3280,2562,1966,Padre
3281,2563,781,Madre
3282,2564,3862,Madre
3283,2564,3842,Madre
3284,2565,1856,Madre
3285,2565,121,Madre
3286,2566,2477,Madre
3287,2567,1376,Madre
3288,2567,524,Madre
3289,2568,2456,Madre
3290,2569,2948,Madre
3291,2570,1680,Padre
3292,2571,502,Madre
3293,2572,3380,Madre
3294,2573,3823,Padre
3295,2574,1369,Padre
3296,2575,723,Padre
3297,2575,2209,Padre
3298,2575,3178,Padre
3299,2576,706,Madre
3300,2577,1736,Madre
3301,2577,1206,Madre
3302,2578,3435,Madre
3303,2579,3872,Madre
3304,2579,1212,Madre
3305,2580,4061,Madre
3306,2581,2872,Madre
3307,2582,1169,Padre
3308,2583,3548,Padre
3309,2584,3248,Padre
3310,2585,2918,Madre
3311,2586,1595,Madre
3312,2587,3225,Padre
3313,2588,2427,Padre
3314,2589,2772,Padre
3315,2590,2028,Padre
3316,2591,543,Madre
3317,2592,1939,Madre
3318,2593,2764,Madre
3319,2593,237,Madre
3320,2594,3191,Madre
3321,2594,3631,Madre
3322,2595,468,Madre
3323,2595,1201,Madre
3324,2596,3664,Madre
3325,2596,1482,Madre
3326,2597,2431,Madre
3327,2598,648,Padre
3328,2599,1100,Padre
3329,2599,3022,Padre
3330,2599,387,Padre
3331,2600,3106,Padre
3332,2601,2546,Madre
3333,2602,223,Padre
3334,2603,1325,Madre
3335,2604,3373,Madre
3336,2605,3320,Madre
3337,2606,47,Padre
3338,2607,3416,Madre
3339,2607,2556,Madre
3340,2608,120,Padre
3341,2609,90,Madre
3342,2609,2117,Madre
3343,2610,3086,Madre
3344,2611,376,Madre
3345,2612,3512,Padre
3346,2612,69,Padre
3347,2612,3176,Padre
3348,2613,1297,Padre
3349,2613,886,Padre
3350,2614,3390,Padre
3351,2614,3730,Padre
3352,2615,2591,Padre
3353,2616,1388,Padre
3354,2616,2244,Padre
3355,2617,498,Padre
3356,2618,841,Madre
3357,2619,2652,Madre
3358,2620,484,Padre
3359,2621,1265,Padre
3360,2621,1411,Padre
3361,2622,2280,Padre
3362,2623,1618,Madre
3363,2624,890,Padre
3364,2625,3934,Madre
3365,2625,1609,Madre
3366,2626,1094,Padre
3367,2627,523,Padre
3368,2628,2020,Padre
3369,2629,1362,Madre
3370,2629,2856,Madre
3371,2630,3982,Madre
3372,2631,3164,Padre
3373,2631,3271,Padre
3374,2631,1572,Padre
3375,2632,4018,Madre
3376,2632,1011,Madre
3377,2633,2911,Madre
3378,2633,3875,Madre
3379,2634,2594,Madre
3380,2635,3170,Padre
3381,2636,72,Padre
3382,2637,358,Padre
3383,2638,2213,Padre
3384,2639,225,Padre
3385,2640,2195,Padre
3386,2641,474,Padre
3387,2641,664,Padre
3388,2642,3569,Padre
3389,2643,3749,Madre
3390,2644,1177,Padre
3391,2645,1730,Padre
3392,2646,2767,Padre
3393,2647,533,Padre
3394,2648,2181,Padre
3395,2649,1830,Padre
3396,2650,946,Padre
3397,2650,1544,Padre
3398,2651,528,Padre
3399,2651,2163,Padre
3400,2652,3970,Madre
3401,2653,3849,Madre
3402,2654,3051,Padre
3403,2655,3838,Madre
3404,2655,338,Madre
3405,2656,1780,Padre
3406,2657,2981,Madre
3407,2657,132,Madre
3408,2658,2458,Padre
3409,2658,1598,Padre
3410,2659,2838,Padre
3411,2660,863,Madre
3412,2661,3053,Padre
3413,2662,263,Madre
3414,2662,3069,Madre
3415,2662,1119,Madre
3416,2663,1165,Padre
3417,2663,807,Padre
3418,2664,3841,Padre
3419,2664,893,Padre
3420,2665,1898,Padre
3421,2665,3281,Padre
3422,2666,2681,Madre
3423,2667,2193,Madre
3424,2668,1424,Padre
3425,2669,2592,Madre
3426,2670,2301,Madre
3427,2671,2190,Madre
3428,2672,1573,Madre
3429,2673,1964,Madre
3430,2674,3903,Padre
3431,2674,582,Padre
3432,2674,277,Padre
3433,2675,3630,Padre
3434,2676,2038,Padre
3435,2677,3844,Padre
3436,2678,2224,Madre
3437,2679,2640,Padre
3438,2680,3163,Madre
3439,2681,3389,Padre
3440,2681,3033,Padre
3441,2682,1157,Padre
3442,2683,2969,Padre
3443,2683,1408,Padre
3444,2684,3039,Padre
3445,2685,2238,Madre
3446,2686,1465,Madre
3447,2686,1013,Madre
3448,2687,2136,Madre
3449,2687,2485,Madre
3450,2687,2327,Madre
3451,2688,3637,Madre
3452,2689,68,Madre
3453,2690,1942,Madre
3454,2691,188,Padre
3455,2691,334,Padre
3456,2692,3813,Padre
3457,2693,1796,Padre
3458,2694,1304,Padre
3459,2695,1487,Padre
3460,2696,2909,Padre
3461,2697,1298,Padre
3462,2698,1321,Madre
3463,2698,1033,Madre
3464,2699,3567,Padre
3465,2699,2390,Padre
3466,2700,3539,Madre
3467,2701,2121,Padre
3468,2702,2498,Madre
3469,2702,3093,Madre
3470,2703,95,Madre
3471,2704,759,Padre
3472,2705,2217,Padre
3473,2706,617,Madre
3474,2706,3392,Madre
3475,2707,3972,Madre
3476,2708,1342,Padre
3477,2709,1750,Padre
3478,2709,1570,Padre
3479,2710,3442,Padre
3480,2711,2257,Padre
3481,2712,3607,Madre
3482,2713,2876,Madre
3483,2713,3599,Madre
3484,2714,400,Madre
3485,2715,2202,Padre
3486,2716,3949,Madre
3487,2717,2778,Madre
3488,2718,64,Madre
3489,2719,2607,Madre
3490,2720,3921,Madre
3491,2720,2073,Madre
3492,2721,849,Padre
3493,2722,1058,Padre
3494,2723,3379,Madre
3495,2724,3095,Padre
3496,2725,1756,Padre
3497,2726,2325,Padre
3498,2727,673,Madre
3499,2728,2987,Padre
3500,2729,909,Madre
3501,2730,3080,Madre
3502,2730,3612,Madre
3503,2731,913,Madre
3504,2731,705,Madre
3505,2731,2580,Madre
3506,2732,2161,Padre
3507,2732,1031,Padre
3508,2733,3040,Padre
3509,2734,3259,Madre
3510,2735,2463,Padre
3511,2736,874,Madre
3512,2737,3927,Madre
3513,2738,1826,Padre
3514,2739,2286,Padre
3515,2740,2491,Madre
3516,2740,244,Madre
3517,2741,815,Madre
3518,2742,3038,Madre
3519,2743,3618,Padre
3520,2744,3560,Padre
3521,2745,2078,Madre
3522,2745,3685,Madre
3523,2746,2352,Madre
3524,2747,3150,Padre
3525,2748,479,Madre
3526,2749,596,Madre
3527,2750,3456,Padre
3528,2751,407,Padre
3529,2751,283,Padre
3530,2752,2715,Padre
3531,2752,1540,Padre
3532,2752,483,Padre
3533,2753,3855,Padre
3534,2754,2684,Madre
3535,2755,2784,Madre
3536,2756,1662,Padre
3537,2757,2842,Padre
3538,2758,3048,Madre
3539,2759,703,Padre
3540,2760,1996,Padre
3541,2761,3388,Madre
3542,2762,1412,Padre
3543,2763,1338,Padre
3544,2763,1175,Padre
3545,2764,3299,Padre
3546,2765,708,Madre
3547,2766,2595,Madre
3548,2767,900,Padre
3549,2768,2021,Madre
3550,2769,3703,Padre
3551,2769,1528,Padre
3552,2770,3109,Madre
3553,2771,1030,Padre
3554,2772,4104,Madre
3555,2773,1952,Padre
3556,2774,3194,Padre
3557,2775,965,Padre
3558,2775,3306,Padre
3559,2776,820,Padre
3560,2776,949,Padre
3561,2777,3294,Padre
3562,2777,2269,Padre
3563,2778,3856,Madre
3564,2779,3263,Padre
3565,2779,3790,Padre
3566,2780,2113,Madre
3567,2781,2399,Padre
3568,2782,4047,Padre
3569,2783,3239,Madre
3570,2784,137,Madre
3571,2785,650,Padre
3572,2785,1580,Padre
3573,2786,174,Padre
3574,2787,143,Padre
3575,2788,2495,Madre
3576,2789,1441,Madre
3577,2790,3337,Padre
3578,2790,1154,Padre
3579,2791,3422,Padre
3580,2792,2726,Madre
3581,2793,2320,Madre
3582,2793,1075,Madre
3583,2794,3075,Padre
3584,2795,1932,Madre
3585,2796,1551,Padre
3586,2796,1929,Padre
3587,2796,1804,Padre
3588,2797,1748,Madre
3589,2798,2893,Madre
3590,2799,1676,Padre
3591,2799,690,Padre
3592,2800,2725,Madre
3593,2800,1501,Madre
3594,2801,2384,Madre
3595,2802,1061,Padre
3596,2803,734,Padre
3597,2804,274,Padre
3598,2805,3196,Madre
3599,2806,1953,Madre
3600,2806,1928,Madre
3601,2807,1633,Madre
3602,2807,3220,Madre
3603,2808,1910,Madre
3604,2809,4037,Padre
3605,2810,2787,Madre
3606,2810,267,Madre
3607,2811,219,Padre
3608,2812,1418,Padre
3609,2813,3705,Padre
3610,2814,105,Padre
3611,2814,3447,Padre
3612,2815,1643,Padre
3613,2815,3894,Padre
3614,2816,3505,Padre
3615,2816,3835,Padre
3616,2817,42,Madre
3617,2817,798,Madre
3618,2818,1497,Padre
3619,2818,1409,Padre
3620,2818,1542,Padre
3621,2819,3896,Madre
3622,2820,3103,Padre
3623,2821,1278,Padre
3624,2821,4074,Padre
3625,2822,1496,Madre
3626,2823,2002,Padre
3627,2824,101,Padre
3628,2825,4092,Madre
3629,2826,1760,Padre
3630,2826,1174,Padre
3631,2827,2845,Padre
3632,2828,3021,Padre
3633,2829,2687,Padre
3634,2830,2565,Madre
3635,2831,2551,Madre
3636,2832,1847,Padre
3637,2833,1196,Madre
3638,2834,778,Madre
3639,2835,1637,Padre
3640,2836,3446,Madre
3641,2837,3264,Madre
3642,2838,1439,Padre
3643,2838,48,Padre
3644,2839,2252,Madre
3645,2840,653,Madre
3646,2841,554,Madre
3647,2841,3911,Madre
3648,2842,812,Madre
3649,2842,3971,Madre
3650,2843,2636,Padre
3651,2844,1303,Madre
3652,2844,1276,Madre
3653,2845,308,Padre
3654,2845,2933,Padre
3655,2846,4007,Padre
3656,2847,1315,Padre
3657,2848,4028,Padre
3658,2849,2221,Padre
3659,2849,377,Padre
3660,2850,868,Padre
3661,2851,1384,Madre
3662,2852,1917,Padre
3663,2852,1806,Padre
3664,2853,2827,Padre
3665,2853,2065,Padre
3666,2853,3395,Padre
3667,2854,1601,Padre
3668,2854,2991,Padre
3669,2854,832,Padre
3670,2855,3496,Madre
3671,2856,1185,Padre
3672,2856,3926,Padre
3673,2856,889,Padre
3674,2857,1611,Padre
3675,2858,3795,Padre
3676,2859,1141,Padre
3677,2859,1247,Padre
3678,2860,1146,Padre
3679,2861,1786,Madre
3680,2861,3645,Madre
3681,2862,631,Madre
3682,2863,393,Madre
3683,2864,2576,Madre
3684,2865,402,Madre
3685,2866,273,Madre
3686,2867,3913,Padre
3687,2867,1372,Padre
3688,2868,1728,Madre
3689,2869,2661,Madre
3690,2870,3571,Padre
3691,2871,1711,Padre
3692,2872,3557,Madre
3693,2872,4076,Madre
3694,2873,221,Padre
3695,2874,1825,Padre
3696,2875,3429,Padre
3697,2876,83,Madre
3698,2877,2093,Madre
3699,2878,211,Padre
3700,2878,1233,Padre
3701,2879,976,Padre
3702,2880,1268,Madre
3703,2881,1672,Padre
3704,2881,674,Padre
3705,2881,3884,Padre
3706,2882,406,Padre
3707,2882,1374,Padre
3708,2883,964,Padre
3709,2884,3052,Madre
3710,2885,2828,Madre
3711,2885,2219,Madre
3712,2886,616,Padre
3713,2887,2464,Madre
3714,2887,2516,Madre
3715,2888,691,Padre
3716,2889,680,Madre
3717,2889,79,Madre
3718,2889,968,Madre
3719,2890,1043,Padre
3720,2890,2686,Padre
3721,2891,3853,Madre
3722,2892,2825,Madre
3723,2893,2510,Madre
3724,2894,1479,Padre
3725,2895,1326,Madre
3726,2896,1504,Madre
3727,2897,614,Madre
3728,2898,2137,Madre
3729,2899,2688,Madre
3730,2900,2096,Padre
3731,2901,1101,Madre
3732,2901,2080,Madre
3733,2902,1634,Madre
3734,2903,413,Madre
3735,2904,2253,Madre
3736,2905,2972,Padre
3737,2906,3367,Padre
3738,2906,1256,Padre
3739,2907,4025,Madre
3740,2908,1916,Madre
3741,2909,556,Padre
3742,2910,2026,Madre
3743,2911,3682,Padre
3744,2912,1591,Madre
3745,2913,232,Padre
3746,2913,239,Padre
3747,2914,3262,Madre
3748,2914,541,Madre
3749,2915,3136,Madre
3750,2916,1833,Padre
3751,2917,2133,Padre
3752,2918,2149,Madre
3753,2919,1091,Padre
3754,2920,3268,Padre
3755,2921,170,Madre
3756,2922,3454,Padre
3757,2923,2759,Madre
3758,2924,1095,Madre
3759,2925,1476,Padre
3760,2926,1630,Madre
3761,2927,3887,Padre
3762,2927,3751,Padre
3763,2928,902,Padre
3764,2929,1425,Padre
3765,2930,2524,Madre
3766,2930,3860,Madre
3767,2930,3003,Madre
3768,2931,4078,Padre
3769,2932,3186,Madre
3770,2932,1186,Madre
3771,2933,425,Madre
3772,2934,2005,Madre
3773,2934,1486,Madre
3774,2935,1311,Padre
3775,2936,773,Madre
3776,2937,2847,Padre
3777,2937,3956,Padre
3778,2938,1584,Madre
3779,2938,3889,Madre
3780,2939,2695,Madre
3781,2940,378,Madre
3782,2940,1318,Madre
3783,2941,3229,Madre
3784,2942,3814,Madre
3785,2943,2448,Padre
3786,2943,962,Padre
3787,2944,2926,Madre
3788,2945,1912,Padre
3789,2946,1646,Padre
3790,2947,856,Padre
3791,2948,2126,Madre
3792,2949,2197,Madre
3793,2950,3293,Padre
3794,2950,1671,Padre
3795,2951,3615,Madre
3796,2952,404,Padre
3797,2953,1204,Padre
3798,2954,3396,Padre
3799,2955,2229,Padre
3800,2955,1021,Padre
3801,2956,944,Padre
3802,2957,1848,Padre
3803,2958,3143,Madre
3804,2958,2130,Madre
3805,2959,926,Madre
3806,2960,3583,Madre
3807,2960,441,Madre
3808,2961,2271,Madre
3809,2962,1657,Padre
3810,2963,2243,Madre
3811,2964,1923,Padre
3812,2964,1340,Padre
3813,2965,1264,Padre
3814,2966,586,Padre
3815,2966,4069,Padre
3816,2967,839,Padre
3817,2968,1380,Padre
3818,2968,3568,Padre
3819,2969,2985,Padre
3820,2970,4044,Madre
3821,2971,2340,Padre
3822,2972,319,Padre
3823,2973,462,Padre
3824,2974,3010,Madre
3825,2974,3409,Madre
3826,2975,828,Padre
3827,2976,882,Madre
3828,2977,746,Padre
3829,2978,2508,Madre
3830,2979,3187,Madre
3831,2980,802,Padre
3832,2981,1469,Madre
3833,2982,506,Padre
3834,2983,2408,Madre
3835,2984,248,Madre
3836,2985,3666,Padre
3837,2986,3658,Madre
3838,2987,2811,Madre
3839,2988,3054,Madre
3840,2988,3364,Madre
3841,2989,78,Madre
3842,2990,3654,Madre
3843,2991,3494,Madre
3844,2992,739,Padre
3845,2993,37,Madre
3846,2994,2673,Padre
3847,2995,3633,Padre
3848,2996,1907,Padre
3849,2997,1448,Padre
3850,2997,1430,Padre
3851,2998,762,Madre
3852,2999,3840,Madre
3853,3000,1260,Padre
3854,3001,942,Padre
3855,3001,2642,Padre
3856,3002,2053,Madre
3857,3003,1720,Padre
3858,3004,2541,Padre
3859,3005,1641,Padre
3860,3006,1889,Madre
3861,3007,1635,Madre
3862,3007,2862,Madre
3863,3008,2022,Madre
3864,3009,3489,Padre
3865,3010,1654,Padre
3866,3011,3912,Padre
3867,3012,790,Padre
3868,3013,261,Madre
3869,3014,3554,Madre
3870,3015,3628,Madre
3871,3015,395,Madre
3872,3016,2499,Padre
3873,3017,1402,Padre
3874,3018,1642,Madre
3875,3019,1148,Padre
3876,3020,1131,Padre
3877,3021,2043,Padre
3878,3022,2804,Madre
3879,3023,2790,Madre
3880,3024,3461,Madre
3881,3025,2479,Padre
3882,3025,2072,Padre
3883,3026,2555,Padre
3884,3027,2173,Padre
3885,3027,89,Padre
3886,3028,2762,Madre
3887,3029,3624,Padre
3888,3030,974,Madre
3889,3031,2206,Madre
3890,3031,1955,Madre
3891,3032,1085,Padre
3892,3033,2537,Madre
3893,3034,537,Padre
3894,3034,3564,Padre
3895,3035,2966,Padre
3896,3036,2721,Padre
3897,3036,560,Padre
3898,3037,4086,Padre
3899,3037,2036,Padre
3900,3038,512,Madre
3901,3039,2647,Padre
3902,3040,2851,Madre
3903,3041,1735,Padre
3904,3042,3613,Padre
3905,3043,381,Madre
3906,3043,788,Madre
3907,3043,2780,Madre
3908,3044,3799,Madre
3909,3045,3472,Padre
3910,3046,581,Padre
3911,3047,3667,Madre
3912,3048,2262,Padre
3913,3048,3216,Padre
3914,3048,354,Padre
3915,3049,3967,Padre
3916,3050,3925,Madre
3917,3051,3551,Padre
3918,3051,80,Padre
3919,3052,2755,Padre
3920,3052,3,Padre
3921,3053,2791,Madre
3922,3054,1032,Padre
3923,3054,569,Padre
3924,3055,268,Madre
3925,3056,4042,Madre
3926,3057,3652,Padre
3927,3057,1492,Padre
3928,3058,3867,Madre
3929,3059,2512,Padre
3930,3060,443,Padre
3931,3060,92,Padre
3932,3061,1972,Madre
3933,3062,2146,Madre
3934,3062,2931,Madre
3935,3063,2867,Madre
3936,3064,3295,Padre
3937,3065,3386,Madre
3938,3065,776,Madre
3939,3066,1592,Madre
3940,3066,1235,Madre
3941,3066,3408,Madre
3942,3067,3182,Madre
3943,3067,1649,Madre
3944,3068,2212,Madre
3945,3069,1166,Padre
3946,3070,1103,Madre
3947,3071,1556,Madre
3948,3072,1784,Padre
3949,3073,1640,Madre
3950,3074,133,Madre
3951,3075,2584,Padre
3952,3076,2404,Padre
3953,3076,1820,Padre
3954,3077,46,Padre
3955,3078,883,Padre
3956,3079,1054,Padre
3957,3080,891,Padre
3958,3081,157,Madre
3959,3082,1480,Madre
3960,3082,3491,Madre
3961,3082,3937,Madre
3962,3083,982,Madre
3963,3083,3722,Madre
3964,3084,897,Madre
3965,3084,1758,Madre
3966,3085,317,Madre
3967,3085,54,Madre
3968,3086,2788,Padre
3969,3087,3211,Madre
3970,3088,3680,Madre
3971,3088,611,Madre
3972,3089,2178,Padre
3973,3090,1802,Madre
3974,3090,1396,Madre
3975,3091,1725,Madre
3976,3092,765,Padre
3977,3093,1203,Padre
3978,3094,2913,Madre
3979,3095,1059,Madre
3980,3096,961,Padre
3981,3096,2957,Padre
3982,3097,440,Madre
3983,3098,3673,Padre
3984,3099,636,Padre
3985,3100,3659,Padre
3986,3101,534,Padre
3987,3102,1489,Padre
3988,3103,2996,Padre
3989,3104,635,Madre
3990,3105,3029,Madre
3991,3106,1416,Padre
3992,3107,1005,Padre
3993,3108,2400,Madre
3994,3109,821,Padre
3995,3109,2471,Padre
3996,3110,2115,Madre
3997,3111,124,Madre
3998,3112,2446,Padre
3999,3113,3166,Padre
4000,3114,1558,Padre
4001,3115,3234,Padre
4002,3116,1050,Padre
4003,3117,2428,Padre
4004,3118,2441,Madre
4005,3119,82,Padre
4006,3119,1755,Padre
4007,3120,3471,Madre
4008,3121,2311,Madre
4009,3121,408,Madre
4010,3121,1763,Madre
4011,3122,3112,Padre
4012,3123,1072,Padre
4013,3123,2520,Padre
4014,3124,2656,Padre
4015,3125,936,Padre
4016,3125,322,Padre
4017,3126,867,Padre
4018,3127,3466,Madre
4019,3128,2347,Padre
4020,3129,3195,Madre
4021,3130,1211,Padre
4022,3131,619,Madre
4023,3132,3513,Padre
4024,3133,2765,Madre
4025,3134,2393,Madre
4026,3135,3816,Madre
4027,3136,3145,Padre
4028,3137,3579,Madre
4029,3138,2123,Padre
4030,3139,531,Madre
4031,3140,2958,Padre
4032,3140,903,Padre
4033,3141,4034,Padre
4034,3142,1574,Padre
4035,3143,1555,Madre
4036,3144,618,Madre
4037,3145,2634,Padre
4038,3146,1007,Padre
4039,3147,963,Madre
4040,3147,1581,Madre
4041,3148,2756,Padre
4042,3149,3401,Madre
4043,3149,1566,Madre
4044,3150,3499,Madre
4045,3150,3961,Madre
4046,3151,3992,Madre
4047,3152,1812,Padre
4048,3153,877,Padre
4049,3154,155,Padre
4050,3154,2142,Padre
4051,3155,2462,Padre
4052,3156,1147,Padre
4053,3157,2861,Padre
4054,3158,1771,Madre
4055,3158,3752,Madre
4056,3159,3062,Padre
4057,3160,20,Madre
4058,3161,205,Madre
4059,3162,2004,Padre
4060,3163,2783,Padre
4061,3164,823,Madre
4062,3165,670,Madre
4063,3165,3346,Madre
4064,3166,3996,Madre
4065,3167,3641,Padre
4066,3168,1874,Padre
4067,3169,950,Madre
4068,3170,3877,Madre
4069,3171,1974,Padre
4070,3172,2084,Padre
4071,3172,2623,Padre
4072,3173,3282,Madre
4073,3174,2369,Padre
4074,3174,2044,Padre
4075,3175,2577,Padre
4076,3176,1704,Madre
4077,3177,2162,Padre
4078,3177,766,Padre
4079,3178,3575,Madre
4080,3178,3861,Madre
4081,3179,1828,Padre
4082,3180,510,Padre
4083,3181,1053,Padre
4084,3182,1534,Madre
4085,3183,2118,Madre
4086,3183,1083,Madre
4087,3184,1698,Madre
4088,3184,1673,Madre
4089,3185,3710,Padre
4090,3186,1994,Padre
4091,3187,2144,Madre
4092,3188,2210,Madre
4093,3189,1220,Padre
4094,3190,3939,Padre
4095,3191,1099,Padre
4096,3191,1903,Padre
4097,3192,948,Padre
4098,3193,3382,Padre
4099,3194,2106,Padre
4100,3195,330,Madre
4101,3196,62,Madre
4102,3197,172,Padre
4103,3198,2697,Padre
4104,3199,8,Padre
4105,3200,1652,Padre
4106,3200,3037,Padre
